nx,N,K0,M,t,seed,sigma_base,sigma_eff,shift_x,shift_y,noise_eps,k0_1_y,k0_1_x,k0_2_y,k0_2_x,err_rho,err_momentum,err_omega,err_rho_vs_full,err_momentum_vs_full,err_omega_vs_full,err_rho_lp_vs_full,err_momentum_lp_vs_full,err_omega_lp_vs_full,E_LP_base,E_LP_shadow,err_E_LP,q_base,q_shift,measurement_proxy,postprocess_task_proxy,postprocess_full_proxy,rt_baseline_full_s,rt_baseline_lp_s,rt_shadow_s,shadow_backend,rt_shadow_evolve_s,rt_shadow_post_s,rt_shadow_aer_transpile_s,rt_shadow_aer_run_s,rt_full_aer_transpile_s,rt_full_aer_run_s,rt_metrics_s,rt_total_s
5,32,2.5,21,0.0,0,2.0,2.0,0,0,0.0,0,1,0,0,2.898906465726575e-16,3.5402037783539917e-16,5.6356312416046506e-15,0.17020667663136735,0.20927866383295968,1.6909715143279118,0.17020667663136735,0.20927866383295973,1.690971514327912,0.97608262447836,0.9760826244783601,1.137427300499775e-16,11,6,21.0,21.0,1024.0,0.00022393499966710806,0.00010170300083700567,0.006474027002695948,qiskit_statevector,0.006194569999934174,0.00027945700276177377,nan,nan,0.9641263989979052,0.007269605994224548,0.0008656889986013994,0.983361436999985
5,32,2.5,21,0.1,0,2.0,2.0,0,0,0.0,0,1,0,0,7.925382954534154e-16,9.12666220591391e-16,4.832014063729107e-15,0.1450750018892943,0.47143444997050316,1.6112546246110668,0.14507500188929429,0.47143444997050304,1.6112546246110666,0.97608262447836,0.9760826244783594,6.82456380299865e-16,11,6,21.0,21.0,1024.0,0.00017314399883616716,0.00013053299335297197,0.004104655003175139,qiskit_statevector,0.0039569410000694916,0.00014771400310564786,nan,nan,0.06397736800136045,0.0014854439941700548,0.0006069239971111529,0.07464593199983938
5,32,2.5,21,0.2,0,2.0,2.0,0,0,0.0,0,1,0,0,2.2211734495317136e-15,1.9788058975953822e-15,1.68422807313863e-15,0.13258234541136463,0.5041046595582162,1.6430424985454415,0.13258234541136488,0.5041046595582163,1.643042498545441,0.97608262447836,0.976082624478362,2.0473691408995946e-15,11,6,21.0,21.0,1024.0,0.0001754039985826239,0.00010666299931472167,0.0038929080037632957,qiskit_statevector,0.003770964998693671,0.00012194300506962463,nan,nan,0.06599416400422342,0.0011995969980489463,0.0005205020061112009,0.07497337700624485
5,32,2.5,21,0.3,0,2.0,2.0,0,0,0.0,0,1,0,0,1.338589089512476e-15,1.375133699567277e-15,8.58875344757435e-16,0.1315845428965881,0.4842918450985915,1.0773321908314113,0.13158454289658833,0.48429184509859163,1.0773321908314109,0.97608262447836,0.9760826244783612,1.2511700305497524e-15,11,6,21.0,21.0,1024.0,0.00022678499954054132,0.0001441529966541566,0.003977360000135377,qiskit_statevector,0.0038197169997147284,0.0001576430004206486,nan,nan,0.07737066299887374,0.0014220230004866607,0.000720010997611098,0.08673905100295087
5,32,2.5,21,0.4,0,2.0,2.0,0,0,0.0,0,1,0,0,1.795631457112394e-15,1.813260860981639e-15,6.810545181048798e-16,0.11288795510793793,0.5370697011797485,0.45953632802511696,0.11288795510793832,0.5370697011797485,0.45953632802511696,0.97608262447836,0.9760826244783617,1.7061409507496624e-15,11,6,21.0,21.0,1024.0,0.000194084997929167,0.00010665199806680903,0.00448205899738241,qiskit_statevector,0.004331545998866204,0.0001505129985162057,nan,nan,0.06968243900337256,0.0011740030022338033,0.000533282000105828,0.0792289089949918
5,32,2.5,21,0.5,0,2.0,2.0,0,0,0.0,0,1,0,0,1.992876185917889e-15,1.893605680362343e-15,1.0098232034668722e-15,0.12004460689061382,0.5615330691654309,0.32064875509096835,0.12004460689061425,0.5615330691654309,0.32064875509096874,0.97608262447836,0.9760826244783618,1.81988368079964e-15,11,6,21.0,21.0,1024.0,0.00017237399879377335,8.83920001797378e-05,0.0038829589902888983,qiskit_statevector,0.0033851979969767854,0.000497760993312113,nan,nan,0.06562635700538522,0.0012177310054539703,0.0005756040045525879,0.07448754100187216
5,32,2.5,21,0.6,0,2.0,2.0,0,0,0.0,0,1,0,0,1.4846146960587671e-15,1.5474453829959138e-15,6.858570601592784e-16,0.15664455125377874,0.5398102355948649,0.3756857550982258,0.15664455125377888,0.5398102355948649,0.3756857550982255,0.97608262447836,0.9760826244783616,1.5923982206996848e-15,11,6,21.0,21.0,1024.0,0.0001661139976931736,8.624199836049229e-05,0.004089733003638685,qiskit_statevector,0.003909729006409179,0.00018000399722950533,nan,nan,0.06802174600306898,0.0011995210006716661,0.0006855160027043894,0.0770347049983684
5,32,2.5,21,0.7,0,2.0,2.0,0,0,0.0,0,1,0,0,6.526615198138939e-16,1.4474253277887933e-15,1.0636773680282556e-15,0.18559721249892244,0.5193953947617834,0.44183808693279353,0.18559721249892247,0.5193953947617836,0.4418380869327937,0.97608262447836,0.9760826244783607,6.82456380299865e-16,11,6,21.0,21.0,1024.0,0.00017513399507151917,9.551199764246121e-05,0.004056881996802986,qiskit_statevector,0.003926528996089473,0.0001303530007135123,nan,nan,0.06511532400327269,0.0012816789967473596,0.0005351430008886382,0.07423154199932469
5,32,2.5,21,0.8,0,2.0,2.0,0,0,0.0,0,1,0,0,1.8706127376220097e-15,1.8245958334157595e-15,1.0157679372145096e-15,0.19371432309911088,0.562247498694836,0.6045908447656516,0.19371432309911105,0.5622474986948363,0.6045908447656511,0.97608262447836,0.9760826244783615,1.4786554906497073e-15,11,6,21.0,21.0,1024.0,0.00019631400209618732,0.00016041400522226468,0.003982779991929419,qiskit_statevector,0.0038283869944280013,0.000154392997501418,nan,nan,0.0684257689936203,0.0011944270008825697,0.0005316629976732656,0.07760621800116496
5,32,2.5,21,0.9,0,2.0,2.0,0,0,0.0,0,1,0,0,4.70617353689176e-16,1.3236459748526972e-15,9.395931836074668e-16,0.18735190739144938,0.63418223688563,0.6531749733504904,0.18735190739144936,0.6341822368856302,0.6531749733504906,0.97608262447836,0.9760826244783601,1.137427300499775e-16,11,6,21.0,21.0,1024.0,0.00019537499611033127,0.00010551200102781877,0.003972219994466286,qiskit_statevector,0.0038124469938338734,0.00015977300063241273,nan,nan,0.06505416100117145,0.0014427429996430874,0.0006879559950903058,0.07461923099617707
5,32,2.5,21,1.0,0,2.0,2.0,0,0,0.0,0,1,0,0,1.0744980635918738e-15,1.9959968333585547e-15,1.0829844164981495e-15,0.17557881052890323,0.7008440619492449,0.6453565856194685,0.17557881052890317,0.7008440619492448,0.6453565856194691,0.97608262447836,0.976082624478359,1.0236845704497973e-15,11,6,21.0,21.0,1024.0,0.00017619500431464985,8.921200060285628e-05,0.004158643998380285,qiskit_statevector,0.003989181001088582,0.00016946299729170278,nan,nan,0.10105313199892407,0.00125290900177788,0.0005483819986693561,0.11034038300567772
5,32,2.5,21,0.0,1,2.0,2.0345584192064785,1,2,0.0005,31,0,0,0,1.615049891350698e-16,3.902120741872763e-16,3.2920853366507122e-15,0.17322084691333842,0.20911423001758503,1.6831730073247022,0.17322084691333842,0.20911423001758503,1.683173007324702,0.9765628767036455,0.9765628767036455,0.0,11,6,21.0,21.0,1024.0,0.0001752540047164075,8.691199764143676e-05,0.002556789004302118,qiskit_statevector,0.0024406560041825287,0.00011613300011958927,nan,nan,0.06303724900499219,0.0014190590009093285,0.0005233109986875206,0.07058269700064557
5,32,2.5,21,0.1,1,2.0,2.0345584192064785,1,2,0.0005,31,0,0,0,4.213929051751356e-16,8.926457417951814e-16,1.821653945246889e-15,0.14682646336016134,0.4670322632114921,1.610091143163934,0.14682646336016136,0.4670322632114921,1.6100911431639346,0.9765628767036455,0.9765628767036452,3.4106038160267047e-16,11,6,21.0,21.0,1024.0,0.00018025399913312867,0.00011260300379944965,0.004084794003574643,qiskit_statevector,0.0039002100020297803,0.00018458400154486299,nan,nan,0.0661357360004331,0.0012286679993849248,0.0006443150050472468,0.07541275899711763
5,32,2.5,21,0.2,1,2.0,2.0345584192064785,1,2,0.0005,31,0,0,0,1.3273879444174791e-15,1.8769959679511407e-15,1.5630684110767431e-15,0.12992743359886347,0.5088047618853836,1.6496162064392808,0.1299274335988636,0.5088047618853837,1.6496162064392803,0.9765628767036455,0.9765628767036465,1.0231811448080114e-15,11,6,21.0,21.0,1024.0,0.00016595300257904455,9.878299897536635e-05,0.004779487993801013,qiskit_statevector,0.004622274995199405,0.00015721299860160798,nan,nan,0.06355938199703814,0.0013032759961788543,0.0006533959967782721,0.07319557799928589
5,32,2.5,21,0.3,1,2.0,2.0345584192064785,1,2,0.0005,31,0,0,0,6.326979514379156e-16,1.020908618967071e-15,1.1175124139754159e-15,0.1289201179597937,0.48823243003007244,1.1482256909248012,0.1289201179597938,0.48823243003007255,1.1482256909248005,0.9765628767036455,0.9765628767036462,6.821207632053409e-16,11,6,21.0,21.0,1024.0,0.0001767840003594756,8.9032000687439e-05,0.004003123001893982,qiskit_statevector,0.0038758000009693205,0.00012732300092466176,nan,nan,0.06507433200022206,0.0013189699966460466,0.000533211998117622,0.07407454799977131
5,32,2.5,21,0.4,1,2.0,2.0345584192064785,1,2,0.0005,31,0,0,0,1.2529752638481982e-15,2.1592074831807088e-15,1.530864892142501e-15,0.1123846832755346,0.5350222790908262,0.516072902422822,0.11238468327553496,0.5350222790908263,0.5160729024228219,0.9765628767036455,0.9765628767036464,9.094943509404546e-16,11,6,21.0,21.0,1024.0,0.0001653139988775365,8.473200432490557e-05,0.003749529001652263,qiskit_statevector,0.0036283559966250323,0.00012117300502723083,nan,nan,0.06421663699438795,0.001152622004156001,0.0005372419982450083,0.07265215799998259
5,32,2.5,21,0.5,1,2.0,2.0345584192064785,1,2,0.0005,31,0,0,0,1.4145639183654926e-15,1.7327634071693799e-15,7.655730105622104e-16,0.12049554111862215,0.5541421974776343,0.3500261696267987,0.12049554111862247,0.5541421974776344,0.3500261696267986,0.9765628767036455,0.9765628767036468,1.3642415264106819e-15,11,6,21.0,21.0,1024.0,0.00016273400251520798,8.504199649905786e-05,0.0037268359956215136,qiskit_statevector,0.003595832997234538,0.00013100299838697538,nan,nan,0.06487134299823083,0.0011878069999511354,0.0005337719994713552,0.07325225599925034
5,32,2.5,21,0.6,1,2.0,2.0345584192064785,1,2,0.0005,31,0,0,0,1.2996499071696108e-15,1.4053573571035504e-15,5.58716173019934e-16,0.1552029137797416,0.5302502086447475,0.39487911334238895,0.15520291377974185,0.5302502086447475,0.3948791133423892,0.9765628767036455,0.9765628767036466,1.1368679386755683e-15,11,6,21.0,21.0,1024.0,0.00019395400158828124,0.00010705300519475713,0.003739014995517209,qiskit_statevector,0.0036248319956939667,0.00011418299982324243,nan,nan,0.06965088700235356,0.0014831330045126379,0.0005394719992182218,0.07869648199994117
5,32,2.5,21,0.7,1,2.0,2.0345584192064785,1,2,0.0005,31,0,0,0,1.000270671717687e-15,1.4081302362661592e-15,1.031589847055944e-15,0.18278350765895338,0.5061696777709104,0.45977993937775236,0.18278350765895351,0.5061696777709104,0.4597799393777524,0.9765628767036455,0.9765628767036464,9.094943509404546e-16,11,6,21.0,21.0,1024.0,0.0001824349965318106,0.00010148200090043247,0.004104485000425484,qiskit_statevector,0.0038989899985608645,0.00020549500186461955,nan,nan,0.06551568199938629,0.001232348004123196,0.0005596929986495525,0.07453024900314631
5,32,2.5,21,0.8,1,2.0,2.0345584192064785,1,2,0.0005,31,0,0,0,1.2632495073632226e-15,1.8985588803585326e-15,8.968907446472176e-16,0.19066405966218328,0.5428808866706121,0.6149555098765299,0.19066405966218342,0.5428808866706123,0.61495550987653,0.9765628767036455,0.9765628767036467,1.250554732543125e-15,11,6,21.0,21.0,1024.0,0.00019491399871185422,9.222200606018305e-05,0.004576127001200803,qiskit_statevector,0.004426664003403857,0.00014946299779694527,nan,nan,0.06581996900058584,0.0014200060031726025,0.0005727030002162792,0.07559297799889464
5,32,2.5,21,0.9,1,2.0,2.0345584192064785,1,2,0.0005,31,0,0,0,4.739570882405109e-16,1.1368392431111093e-15,9.70863041197518e-16,0.18480094723536608,0.6132303541751423,0.6476269323558711,0.18480094723536603,0.6132303541751423,0.6476269323558713,0.9765628767036455,0.9765628767036454,1.1368679386755683e-16,11,6,21.0,21.0,1024.0,0.0001686930045252666,8.944299770519137e-05,0.004180785996140912,qiskit_statevector,0.004038252998725511,0.00014253299741540104,nan,nan,0.06415605700021842,0.0013327810011105612,0.0006141039993963204,0.07351764899794944
5,32,2.5,21,1.0,1,2.0,2.0345584192064785,1,2,0.0005,31,0,0,0,1.3633219561112207e-15,1.5091726662427452e-15,1.24118697643944e-15,0.17257084734703662,0.6845398486868608,0.6253467811141704,0.17257084734703643,0.6845398486868607,0.6253467811141701,0.9765628767036455,0.9765628767036443,1.250554732543125e-15,11,6,21.0,21.0,1024.0,0.00016964400128927082,0.0001017419999698177,0.00371277399972314,qiskit_statevector,0.0035997020022477955,0.00011307199747534469,nan,nan,0.06414727499941364,0.0012957260041730478,0.0005123020018800162,0.07273371599876555
5,32,2.5,21,0.0,2,2.0,2.018905338179353,-2,-1,0.0005,31,0,0,0,3.401967667935001e-16,4.1550446293439255e-16,7.463988801221457e-15,0.17190027230923888,0.2090580702458652,1.687195965573689,0.17190027230923888,0.20905807024586515,1.6871959655736886,0.9763464511404351,0.976346451140435,1.13711994684709e-16,11,6,21.0,21.0,1024.0,0.0001785240019671619,9.074300032807514e-05,0.0026424410098115914,qiskit_statevector,0.002490547005436383,0.00015189400437520817,nan,nan,0.06556638699839823,0.001241025995113887,0.0006262640017666854,0.07335636200150475
5,32,2.5,21,0.1,2,2.0,2.018905338179353,-2,-1,0.0005,31,0,0,0,8.369908779028687e-16,1.0256916675209056e-15,7.34185485139187e-15,0.14605512301068813,0.4689580057661872,1.6107362586727498,0.14605512301068815,0.4689580057661871,1.6107362586727498,0.9763464511404351,0.9763464511404343,7.959839627929631e-16,11,6,21.0,21.0,1024.0,0.00023653500102227554,0.00010900299821514636,0.0038869579948368482,qiskit_statevector,0.0037362549992394634,0.00015070299559738487,nan,nan,0.07063231900247047,0.0013044989973423071,0.0005373520034481771,0.07965854299982311
5,32,2.5,21,0.2,2,2.0,2.018905338179353,-2,-1,0.0005,31,0,0,0,1.1166772197374063e-15,1.7524229388088278e-15,1.6544713373420416e-15,0.131110799492075,0.5066998450892488,1.6471797403021564,0.1311107994920751,0.5066998450892488,1.6471797403021555,0.9763464511404351,0.976346451140436,9.09695957477672e-16,11,6,21.0,21.0,1024.0,0.00019251399498898536,9.19619997148402e-05,0.004635015997337177,qiskit_statevector,0.004487391997827217,0.0001476239995099604,nan,nan,0.070259731997794,0.0012200980054331012,0.0005627329956041649,0.080108216003282
5,32,2.5,21,0.3,2,2.0,2.018905338179353,-2,-1,0.0005,31,0,0,0,4.998717127251251e-16,1.092319472184882e-15,7.567015796068293e-16,0.1301157169887294,0.48649155994937227,1.116683998230876,0.13011571698872948,0.4864915599493723,1.1166839982308752,0.9763464511404351,0.9763464511404347,3.41135984054127e-16,11,6,21.0,21.0,1024.0,0.0003184269953635521,0.00016280300042126328,0.005199159000767395,qiskit_statevector,0.005047095000918489,0.00015206399984890595,nan,nan,0.07518329300364712,0.0017515200015623122,0.0006228240017662756,0.08696839199546957
5,32,2.5,21,0.4,2,2.0,2.018905338179353,-2,-1,0.0005,31,0,0,0,1.8903856846591793e-15,1.5278753685679097e-15,8.800445632013622e-16,0.11259591511376489,0.5359912113338872,0.4906220829693752,0.11259591511376527,0.5359912113338872,0.4906220829693756,0.9763464511404351,0.9763464511404369,1.9331039096400533e-15,11,6,21.0,21.0,1024.0,0.0001971849997062236,0.00010789200314320624,0.003968550998251885,qiskit_statevector,0.0038393479990190826,0.00012920299923280254,nan,nan,0.0684802989999298,0.0012803390054614283,0.0005220219973125495,0.0775125560030574
5,32,2.5,21,0.5,2,2.0,2.018905338179353,-2,-1,0.0005,31,0,0,0,1.0115082477981323e-15,1.497332265077668e-15,4.93951019054463e-16,0.12030634206295777,0.5574053283811627,0.33648791910766135,0.12030634206295802,0.5574053283811629,0.3364879191076613,0.9763464511404351,0.9763464511404361,1.0234079521623811e-15,11,6,21.0,21.0,1024.0,0.0001897649999591522,0.0001045219978550449,0.00406624600145733,qiskit_statevector,0.003947994002373889,0.00011825199908344075,nan,nan,0.07255682200047886,0.0013539900028263219,0.0005542029975913465,0.08164375300111715
5,32,2.5,21,0.6,2,2.0,2.018905338179353,-2,-1,0.0005,31,0,0,0,1.6915411544330497e-15,1.1617598267555184e-15,7.191261072080268e-16,0.15588098096326028,0.5343482185388051,0.38569001739544223,0.1558809809632605,0.5343482185388051,0.3856900173954425,0.9763464511404351,0.9763464511404366,1.5919679255859261e-15,11,6,21.0,21.0,1024.0,0.00019060500198975205,0.00010885200026677921,0.0038717619972885586,qiskit_statevector,0.003758109000045806,0.00011365299724275246,nan,nan,0.06570391800050857,0.0012828999970224686,0.0005467919982038438,0.07483358600438805
5,32,2.5,21,0.7,2,2.0,2.018905338179353,-2,-1,0.0005,31,0,0,0,6.3136783075181e-16,1.0169522558505428e-15,6.728222336404094e-16,0.18404777770779598,0.5119870286211111,0.45157787434145513,0.18404777770779598,0.5119870286211111,0.4515778743414551,0.9763464511404351,0.9763464511404355,4.54847978738836e-16,11,6,21.0,21.0,1024.0,0.00020167400361970067,0.0001284729951294139,0.0036230919940862805,qiskit_statevector,0.003509439993649721,0.00011365200043655932,nan,nan,0.06965499700163491,0.0013651310000568628,0.0005833839968545362,0.07847913300065557
5,32,2.5,21,0.8,2,2.0,2.018905338179353,-2,-1,0.0005,31,0,0,0,1.5851367611541804e-15,1.6464212581553292e-15,6.455785639493071e-16,0.19203635960474266,0.5515052688906529,0.6101452540409871,0.19203635960474286,0.551505268890653,0.6101452540409871,0.9763464511404351,0.9763464511404365,1.478255930901217e-15,11,6,21.0,21.0,1024.0,0.0002893860000767745,0.00013105300604365766,0.005109306010126602,qiskit_statevector,0.004892961005680263,0.00021634500444633886,nan,nan,0.06474176600022474,0.001319299997703638,0.0009716620043036528,0.0756644650027738
5,32,2.5,21,0.9,2,2.0,2.018905338179353,-2,-1,0.0005,31,0,0,0,1.0880502490537357e-15,1.2357713875769549e-15,1.0016305368400776e-15,0.1859856867432393,0.6225936236829033,0.6498334552513522,0.18598568674323918,0.6225936236829033,0.6498334552513519,0.9763464511404351,0.976346451140434,1.13711994684709e-15,11,6,21.0,21.0,1024.0,0.00017973499780055135,0.00010924199887085706,0.004363000000012107,qiskit_statevector,0.004242436996719334,0.00012056300329277292,nan,nan,0.06629556100233458,0.0011920670003746636,0.0005225120039540343,0.07713951799814822
5,32,2.5,21,1.0,2,2.0,2.018905338179353,-2,-1,0.0005,31,0,0,0,2.0928019659025973e-15,1.9790901998905522e-15,1.4660959940629074e-15,0.17396212307157188,0.6918763932141964,0.6342889622362108,0.1739621230715717,0.6918763932141961,0.6342889622362119,0.9763464511404351,0.9763464511404332,1.9331039096400533e-15,11,6,21.0,21.0,1024.0,0.0001663430011831224,8.792200242169201e-05,0.00381369700335199,qiskit_statevector,0.003671634003694635,0.00014206299965735525,nan,nan,0.06713294300425332,0.0013186699943616986,0.0005509929978870787,0.07583109199913451
5,32,2.5,21,0.0,3,2.0,2.204091912138518,-2,-1,0.0005,0,1,0,0,1.2183715274456046e-16,2.2033085517367092e-16,2.885824373637889e-16,0.18337774087835498,0.2174648261907615,1.608652583044455,0.183377740878355,0.2174648261907615,1.6086525830444551,0.9786955354528766,0.9786955354528766,0.0,11,6,21.0,21.0,1024.0,0.00024710599973332137,0.00011083200661232695,0.0030324090039357543,qiskit_statevector,0.0028956460009794682,0.00013676300295628607,nan,nan,0.06965829800174106,0.0013086519975331612,0.0006030420045135543,0.07798276100220392
5,32,2.5,21,0.1,3,2.0,2.204091912138518,-2,-1,0.0005,0,1,0,0,1.3361664628707037e-15,1.030843148588712e-15,1.8931119426995867e-15,0.154221611022869,0.44672242825515285,1.562665313693054,0.15422161102286897,0.44672242825515285,1.5626653136930526,0.9786955354528766,0.9786955354528755,1.1343906091401731e-15,11,6,21.0,21.0,1024.0,0.00017163400480058044,8.614199759904295e-05,0.004019391999463551,qiskit_statevector,0.0038489680009661242,0.0001704239984974265,nan,nan,0.06553703600366134,0.0011470699973870069,0.0005788330017821863,0.07441561199811986
5,32,2.5,21,0.2,3,2.0,2.204091912138518,-2,-1,0.0005,0,1,0,0,2.237124444146139e-15,2.0918068560302947e-15,1.4174017795933893e-15,0.1198107284777754,0.5247215371092006,1.626894054068166,0.11981072847777556,0.5247215371092006,1.626894054068167,0.9786955354528766,0.9786955354528788,2.2687812182803463e-15,11,6,21.0,21.0,1024.0,0.00018149399693356827,9.190200216835365e-05,0.004493501997785643,qiskit_statevector,0.004338209000707138,0.0001552929970785044,nan,nan,0.07025428199995076,0.0013783309987047687,0.0008043589987209998,0.08033110399992438
5,32,2.5,21,0.3,3,2.0,2.204091912138518,-2,-1,0.0005,0,1,0,0,9.573701285459787e-16,1.0744980732529107e-15,1.0006949762135682e-15,0.11693578806571973,0.5069326371920662,1.3966098457644818,0.1169357880657199,0.506932637192066,1.3966098457644824,0.9786955354528766,0.9786955354528776,1.0209515482261558e-15,11,6,21.0,21.0,1024.0,0.00018537400319473818,9.126200166065246e-05,0.0037764759981655516,qiskit_statevector,0.0036594639968825504,0.00011701200128300115,nan,nan,0.06433292199653806,0.001208449997648131,0.0005806129993288778,0.07308123399707256
5,32,2.5,21,0.4,3,2.0,2.204091912138518,-2,-1,0.0005,0,1,0,0,1.575144240049409e-15,2.062948038190988e-15,2.555505931716591e-15,0.11192065208719061,0.5242437574853546,0.8040051489494622,0.11192065208719101,0.5242437574853546,0.8040051489494617,0.9786955354528766,0.9786955354528779,1.3612687309682078e-15,11,6,21.0,21.0,1024.0,0.00016978399798972532,8.742200589040294e-05,0.0037137440085643902,qiskit_statevector,0.003595632006181404,0.00011811200238298625,nan,nan,0.06688988899986725,0.0011919940006919205,0.0005449729942483827,0.07530822700209683
5,32,2.5,21,0.5,3,2.0,2.204091912138518,-2,-1,0.0005,0,1,0,0,1.3200229367499952e-15,1.3778674526832381e-15,6.4115939575464215e-16,0.12292900713937108,0.5253408202012576,0.5354121008711535,0.12292900713937138,0.5253408202012576,0.5354121008711535,0.9786955354528766,0.9786955354528779,1.3612687309682078e-15,11,6,21.0,21.0,1024.0,0.00019770400103880093,0.00010950300202239305,0.003769585004192777,qiskit_statevector,0.0036320720028015785,0.00013751300139119849,nan,nan,0.08371157500369009,0.0012470180008676834,0.0005309220068738796,0.0926812880061334
5,32,2.5,21,0.6,3,2.0,2.204091912138518,-2,-1,0.0005,0,1,0,0,2.0953878948675147e-15,1.5560843920871012e-15,5.694395502268198e-16,0.14797867127838812,0.503379761978715,0.5335338194213557,0.14797867127838837,0.5033797619787149,0.5335338194213554,0.9786955354528766,0.9786955354528787,2.1553421573663287e-15,11,6,21.0,21.0,1024.0,0.00017349400150123984,0.00010098300117533654,0.004263451999577228,qiskit_statevector,0.00412844899983611,0.0001350029997411184,nan,nan,0.06243463199643884,0.0014613340026699007,0.0005294720031088218,0.07176921000063885
5,32,2.5,21,0.7,3,2.0,2.204091912138518,-2,-1,0.0005,0,1,0,0,4.53010603635585e-16,1.2038938519986829e-15,1.4866471947042268e-15,0.17094885045958458,0.4642115454463251,0.5828618780364012,0.17094885045958458,0.46421154544632515,0.5828618780364015,0.9786955354528766,0.9786955354528768,2.268781218280346e-16,11,6,21.0,21.0,1024.0,0.00030736700136912987,0.00014888300211168826,0.004359373000625055,qiskit_statevector,0.004089523004950024,0.0002698499956750311,nan,nan,0.06919798300077673,0.0013657679955940694,0.0005501420018845238,0.07902692499919794
5,32,2.5,21,0.8,3,2.0,2.204091912138518,-2,-1,0.0005,0,1,0,0,2.2780968013407636e-15,1.9268244443948475e-15,1.1294791992545153e-15,0.17725329555603256,0.47425273648446864,0.6908730573377591,0.1772532955560328,0.47425273648446886,0.6908730573377598,0.9786955354528766,0.9786955354528789,2.3822202791943634e-15,11,6,21.0,21.0,1024.0,0.00019926400273106992,9.477199637331069e-05,0.00500641899270704,qiskit_statevector,0.004852724996453617,0.0001536939962534234,nan,nan,0.0668706559954444,0.0014215330011211336,0.0005407920034485869,0.07720617599989055
5,32,2.5,21,0.9,3,2.0,2.204091912138518,-2,-1,0.0005,0,1,0,0,3.4671465426434206e-16,1.1237117248731247e-15,1.0238901030340647e-15,0.17172380632003645,0.5265133126273897,0.6665763877953174,0.17172380632003648,0.5265133126273897,0.6665763877953184,0.9786955354528766,0.9786955354528766,0.0,11,6,21.0,21.0,1024.0,0.0001856439994298853,0.00010726299660746008,0.0042895680089714006,qiskit_statevector,0.004133614005695563,0.00015595400327583775,nan,nan,0.07537796399992658,0.001239031000295654,0.000541742003406398,0.08494703599717468
5,32,2.5,21,1.0,3,2.0,2.204091912138518,-2,-1,0.0005,0,1,0,0,1.0982088603908443e-15,1.4830629402902152e-15,9.834704082360977e-16,0.15753033142045814,0.6091158841598223,0.5754662505363274,0.15753033142045803,0.6091158841598221,0.5754662505363268,0.9786955354528766,0.9786955354528757,9.075124873121385e-16,11,6,21.0,21.0,1024.0,0.00019815399718936533,9.189199772663414e-05,0.005305490005412139,qiskit_statevector,0.005076906003523618,0.00022858400188852102,nan,nan,0.07036877599603031,0.0014157120021991432,0.0007056869944790378,0.08139882300019963
5,32,2.5,21,0.0,4,2.0,1.934820884738831,2,0,0.0005,0,31,0,0,1.0527182852406799e-16,2.7554439750359847e-16,4.5410510869767534e-15,0.1639378432856492,0.21278321556874435,1.7003679443760462,0.1639378432856492,0.21278321556874433,1.7003679443760455,0.9750807875328735,0.9750807875328735,0.0,11,6,21.0,21.0,1024.0,0.00023064499691827223,0.0001327030040556565,0.0029176670068409294,qiskit_statevector,0.002781444003630895,0.00013622300321003422,nan,nan,0.07773803199961549,0.0013342899983399548,0.0006996439988142811,0.08702944600372575
5,32,2.5,21,0.1,4,2.0,1.934820884738831,2,0,0.0005,0,31,0,0,1.1938892685060636e-15,1.0818500154288398e-15,4.319497125627708e-15,0.14197369736705323,0.48062618012633024,1.6065349653220578,0.14197369736705318,0.4806261801263302,1.6065349653220578,0.9750807875328735,0.9750807875328725,1.0247363448630703e-15,11,6,21.0,21.0,1024.0,0.00024038500123424456,9.36720025492832e-05,0.004450750995601993,qiskit_statevector,0.004304137997678481,0.000146612997923512,nan,nan,0.07099514699802967,0.0014254120033001527,0.000555543003429193,0.0812127090030117
5,32,2.5,21,0.2,4,2.0,1.934820884738831,2,0,0.0005,0,31,0,0,1.5312951334711634e-15,1.7260056057963192e-15,1.1889949713529768e-15,0.13827396990677446,0.49514955666984195,1.6160184529759278,0.1382739699067746,0.4951495566698421,1.6160184529759265,0.9750807875328735,0.9750807875328752,1.7078939081051172e-15,11,6,21.0,21.0,1024.0,0.000175394001416862,9.058199793798849e-05,0.004529023994109593,qiskit_statevector,0.00437365999823669,0.00015536399587290362,nan,nan,0.06694739800150273,0.001162462998763658,0.0005575030008913018,0.07650061299500521
5,32,2.5,21,0.3,4,2.0,1.934820884738831,2,0,0.0005,0,31,0,0,8.681117130590593e-16,1.1620584784556907e-15,1.0099020817909591e-15,0.13683298676242076,0.47864762743346484,0.9303396405387289,0.13683298676242084,0.47864762743346495,0.930339640538728,0.9750807875328735,0.9750807875328743,7.970171571157214e-16,11,6,21.0,21.0,1024.0,0.000171973995747976,8.94819968380034e-05,0.004265376992407255,qiskit_statevector,0.004116983996937051,0.00014839299547020346,nan,nan,0.07220128399785608,0.001241898993612267,0.0005736329985666089,0.0821228400018299
5,32,2.5,21,0.4,4,2.0,1.934820884738831,2,0,0.0005,0,31,0,0,1.1689377212957686e-15,1.9098300661140496e-15,4.825498119342604e-16,0.11463415870552601,0.5416159327983928,0.36177207267619055,0.11463415870552635,0.5416159327983929,0.3617720726761905,0.9750807875328735,0.9750807875328747,1.2524555326104193e-15,11,6,21.0,21.0,1024.0,0.00022320599964587018,0.00015108299703570083,0.004272357007721439,qiskit_statevector,0.004103823004697915,0.00016853400302352384,nan,nan,0.07982351599639514,0.0012324489944148809,0.0005603730023722164,0.08957530799671076
5,32,2.5,21,0.5,4,2.0,1.934820884738831,2,0,0.0005,0,31,0,0,7.912529087998419e-16,2.1061123610286945e-15,1.4322576645487315e-15,0.11943117229450946,0.5778237660919003,0.2775251116552197,0.11943117229450971,0.5778237660919004,0.27752511165521904,0.9750807875328735,0.9750807875328742,6.831575632420469e-16,11,6,21.0,21.0,1024.0,0.0002090050038532354,0.00011467200238257647,0.004734628004371189,qiskit_statevector,0.004581514003803022,0.00015311400056816638,nan,nan,0.07297715999447973,0.0012635719976969995,0.0007096360059222206,0.08412300299823983
5,32,2.5,21,0.6,4,2.0,1.934820884738831,2,0,0.0005,0,31,0,0,1.1986760961150994e-15,1.3264857995943564e-15,6.640137236425567e-16,0.1592952714955922,0.5630942208480305,0.34782521538313393,0.15929527149559242,0.5630942208480307,0.34782521538313377,0.9750807875328735,0.9750807875328747,1.2524555326104193e-15,11,6,21.0,21.0,1024.0,0.0002904560024035163,9.627200051909313e-05,0.004324158995586913,qiskit_statevector,0.004174364999926183,0.0001497939956607297,nan,nan,0.0854460199989262,0.0015382410056190565,0.0007579279990750365,0.09602437700232258
5,32,2.5,21,0.7,4,2.0,1.934820884738831,2,0,0.0005,0,31,0,0,4.4196512754136225e-16,1.29025224543502e-15,7.765603044191777e-16,0.19140017186313957,0.5493854445145606,0.41459635035489506,0.19140017186313962,0.549385444514561,0.4145963503548949,0.9750807875328735,0.975080787532874,4.554383754946979e-16,11,6,21.0,21.0,1024.0,0.0001780340026016347,0.00012115300341974944,0.004899647996353451,qiskit_statevector,0.004708833999757189,0.00019081399659626186,nan,nan,0.08239727299951483,0.0012382810018607415,0.0006898360006744042,0.09327537200442748
5,32,2.5,21,0.8,4,2.0,1.934820884738831,2,0,0.0005,0,31,0,0,1.9211211980916206e-15,2.1066020099345454e-15,7.856045553424617e-16,0.1998021436945777,0.6030964053581516,0.5875009788092965,0.19980214369457788,0.6030964053581517,0.5875009788092969,0.9750807875328735,0.9750807875328755,2.0494726897261407e-15,11,6,21.0,21.0,1024.0,0.00020918399968650192,0.0001339329974143766,0.003574442001990974,qiskit_statevector,0.003459279003436677,0.00011516299855429679,nan,nan,0.07320505700045032,0.0013508510019164532,0.0005328619954525493,0.08324786999583011
5,32,2.5,21,0.9,4,2.0,1.934820884738831,2,0,0.0005,0,31,0,0,8.026887717383176e-16,1.4643512842143338e-15,9.9239046850977e-16,0.1919225720702273,0.675549267128712,0.6713209495159332,0.1919225720702272,0.6755492671287122,0.6713209495159328,0.9750807875328735,0.9750807875328731,4.554383754946979e-16,11,6,21.0,21.0,1024.0,0.00017007399583235383,8.844200056046247e-05,0.004029992000141647,qiskit_statevector,0.003891538995958399,0.00013845300418324769,nan,nan,0.06409818099928088,0.001293817003897857,0.0006583479989785701,0.07294605299830437
5,32,2.5,21,1.0,4,2.0,1.934820884738831,2,0,0.0005,0,31,0,0,7.605260867792968e-16,1.7848441796425076e-15,1.3639710059669504e-15,0.1810753241017798,0.7316771166788698,0.691607642701339,0.1810753241017797,0.7316771166788697,0.6916076427013396,0.9750807875328735,0.975080787532873,5.692979693683724e-16,11,6,21.0,21.0,1024.0,0.00017767400277080014,9.122199844568968e-05,0.003867977997288108,qiskit_statevector,0.003734284997335635,0.00013369299995247275,nan,nan,0.06463635199907003,0.0014463929983321577,0.0005957929970463738,0.07385227099439362
6,64,2.5,21,0.0,0,2.0,2.0,0,0,0.0,0,1,0,0,3.253862604243332e-16,7.995469522843644e-16,6.047250149657016e-15,0.17020641243608592,0.2170133225592003,3.815797705069539,0.17020641243608592,0.21701332255920036,3.8157977050695395,0.9760822888911627,0.9760822888911629,2.2748553831181157e-16,13,6,21.0,21.0,4096.0,0.00026590600464260206,0.00023942500411067158,0.003130801000224892,qiskit_statevector,0.002818143999320455,0.00031265700090443715,nan,nan,0.06494322000071406,0.0038422869984060526,0.001215388001583051,0.08389557199552655
6,64,2.5,21,0.1,0,2.0,2.0,0,0,0.0,0,1,0,0,4.748459439295591e-16,1.299977156825772e-15,2.6051843365322596e-15,0.1450740204859057,0.49474346031179184,3.494788581740791,0.14507402048590576,0.4947434603117917,3.4947885817407927,0.9760822888911627,0.9760822888911626,1.1374276915590579e-16,13,6,21.0,21.0,4096.0,0.0002537460022722371,0.00015188300312729552,0.004031901997223031,qiskit_statevector,0.003824876999715343,0.00020702499750768766,nan,nan,0.07279858199763112,0.0035112569967168383,0.00090372099657543,0.09224853899650043
6,64,2.5,21,0.2,0,2.0,2.0,0,0,0.0,0,1,0,0,1.3462709831547403e-15,2.216489783008165e-15,2.120028775792492e-15,0.13258278937506626,0.5209864235746056,3.0447112781082137,0.13258278937506643,0.5209864235746057,3.0447112781082097,0.9760822888911627,0.9760822888911638,1.1374276915590578e-15,13,6,21.0,21.0,4096.0,0.00030292700103018433,0.00018521399761084467,0.004462482997041661,qiskit_statevector,0.004268398995918687,0.00019408400112297386,nan,nan,0.06767324800603092,0.0032936369971139356,0.0008175289985956624,0.08725632199639222
6,64,2.5,21,0.3,0,2.0,2.0,0,0,0.0,0,1,0,0,1.2871629843278576e-15,1.8771436014565103e-15,1.3635765854349911e-15,0.1315889911285174,0.49904030627063206,1.884855168492707,0.13158899112851763,0.4990403062706321,1.8848551684927077,0.9760822888911627,0.9760822888911638,1.1374276915590578e-15,13,6,21.0,21.0,4096.0,0.00022462500055553392,0.00014212400128599256,0.003863577003357932,qiskit_statevector,0.003681243004393764,0.00018233399896416813,nan,nan,0.07458337900607148,0.0032065429986687377,0.0007903680016170256,0.09249726700363681
6,64,2.5,21,0.4,0,2.0,2.0,0,0,0.0,0,1,0,0,2.0030938934257978e-15,2.237260099840423e-15,8.744655340658478e-16,0.11288590514488586,0.553895177067699,0.8255080360853077,0.11288590514488626,0.553895177067699,0.8255080360853075,0.9760822888911627,0.9760822888911647,2.0473698448063043e-15,13,6,21.0,21.0,4096.0,0.0002755759996944107,0.00016708399925846606,0.004166125007031951,qiskit_statevector,0.003971710000769235,0.0001944150062627159,nan,nan,0.06921385999885388,0.0030294389944174327,0.0007925680038169958,0.08852815700083738
6,64,2.5,21,0.5,0,2.0,2.0,0,0,0.0,0,1,0,0,2.3719469087163833e-15,2.190157238339237e-15,9.502568598312626e-16,0.12004558921343325,0.5778284503974737,0.5112851348952469,0.12004558921343374,0.5778284503974737,0.5112851348952472,0.9760822888911627,0.976082288891165,2.3885981522740215e-15,13,6,21.0,21.0,4096.0,0.0002500059999874793,0.00022537499899044633,0.004326098001911305,qiskit_statevector,0.003982507005275693,0.0003435909966356121,nan,nan,0.07112170699838316,0.0029340699984459206,0.0009979430033126846,0.08934920599858742
6,64,2.5,21,0.6,0,2.0,2.0,0,0,0.0,0,1,0,0,1.239739180331892e-15,1.4459789644203938e-15,1.150508443501287e-15,0.15664792830603017,0.5559891471796728,0.5168833839595737,0.15664792830603036,0.5559891471796728,0.5168833839595732,0.9760822888911627,0.9760822888911639,1.2511704607149637e-15,13,6,21.0,21.0,4096.0,0.000278425999567844,0.0002103849983541295,0.003700424000271596,qiskit_statevector,0.003525669999362435,0.00017475400090916082,nan,nan,0.06962955500057433,0.002968515000247862,0.0008914610007195733,0.08725060500000836
6,64,2.5,21,0.7,0,2.0,2.0,0,0,0.0,0,1,0,0,1.293121670524562e-15,2.256511422871768e-15,1.5041901820539412e-15,0.18560050747296283,0.5317922099455836,0.5402204589695984,0.18560050747296297,0.5317922099455837,0.5402204589695976,0.9760822888911627,0.976082288891164,1.3649132298708693e-15,13,6,21.0,21.0,4096.0,0.00022522499784827232,0.0001438530016457662,0.004094600000826176,qiskit_statevector,0.0038785150027251802,0.00021608499810099602,nan,nan,0.0703001950023463,0.0033335550033370964,0.0008171589943231083,0.08901011800480774
6,64,2.5,21,0.8,0,2.0,2.0,0,0,0.0,0,1,0,0,1.8696906950213676e-15,2.2375532484565038e-15,1.1641358118120336e-15,0.19371560445269984,0.5737318231536518,0.713856911560833,0.19371560445270006,0.5737318231536519,0.7138569115608332,0.9760822888911627,0.9760822888911646,1.9336270756503984e-15,13,6,21.0,21.0,4096.0,0.00022289499611360952,0.00015325300046242774,0.004069047005032189,qiskit_statevector,0.003821671001787763,0.0002473760032444261,nan,nan,0.06794567400356755,0.003389240999240428,0.0008943499997258186,0.08646703699923819
6,64,2.5,21,0.9,0,2.0,2.0,0,0,0.0,0,1,0,0,4.508492828738692e-16,1.9700720476279202e-15,1.4805648202864104e-15,0.18735413292482941,0.647084246057636,0.7407999663680924,0.18735413292482941,0.647084246057636,0.740799966368092,0.9760822888911627,0.9760822888911626,1.1374276915590579e-16,13,6,21.0,21.0,4096.0,0.0002986070030601695,0.0001746440029819496,0.004094080002687406,qiskit_statevector,0.003922645999409724,0.00017143400327768177,nan,nan,0.0673921390043688,0.003224382999178488,0.0009596210002200678,0.08622613700572401
6,64,2.5,21,1.0,0,2.0,2.0,0,0,0.0,0,1,0,0,6.766257844325028e-16,2.0059489022339373e-15,1.7424982803246172e-15,0.17558060412283816,0.7125987809702087,0.6977329768013685,0.1755806041228381,0.7125987809702086,0.6977329768013686,0.9760822888911627,0.9760822888911623,3.4122830746771733e-16,13,6,21.0,21.0,4096.0,0.00021588500385405496,0.0001439440020476468,0.004206845005683135,qiskit_statevector,0.003931908999220468,0.00027493600646266714,nan,nan,0.06604011500166962,0.003107094998995308,0.0008846299970173277,0.08436473499750718
6,64,2.5,21,0.0,1,2.0,2.0345584192064785,1,2,0.0005,0,1,0,0,2.0006366074195937e-16,7.402702263527786e-16,2.600377368334726e-15,0.17318974812498572,0.21686480796326169,3.7615412736061464,0.17318974812498572,0.21686480796326169,3.761541273606147,0.976565693230511,0.976565693230511,0.0,13,6,21.0,21.0,4096.0,0.00022125499526737258,0.0001462929940316826,0.0025253569983760826,qiskit_statevector,0.0023398129997076467,0.00018554399866843596,nan,nan,0.067246292004711,0.0029645390022778884,0.001029731000016909,0.0838880049996078
6,64,2.5,21,0.1,1,2.0,2.0345584192064785,1,2,0.0005,0,1,0,0,7.699216944608572e-16,1.4631497844404655e-15,3.417631068982793e-15,0.14683867158511052,0.4898589086358537,3.487502093360344,0.14683867158511052,0.4898589086358536,3.4875020933603444,0.976565693230511,0.9765656932305105,5.684323299093698e-16,13,6,21.0,21.0,4096.0,0.00024696600303286687,0.00014350299898069352,0.004604423003911506,qiskit_statevector,0.004370217997347936,0.00023420500656357035,nan,nan,0.06671953600016423,0.0033247750034206547,0.000864590001583565,0.08567058599874144
6,64,2.5,21,0.2,1,2.0,2.0345584192064785,1,2,0.0005,0,1,0,0,2.414905838150251e-15,2.0874595746240757e-15,3.3578174929260096e-15,0.12992758905276466,0.5256418351329096,3.1121777427721007,0.1299275890527649,0.5256418351329097,3.112177742772108,0.976565693230511,0.9765656932305136,2.6147887175831012e-15,13,6,21.0,21.0,4096.0,0.0002535660023568198,0.00017426399426767603,0.00478881999879377,qiskit_statevector,0.0044542409959831275,0.0003345790028106421,nan,nan,0.07015730800048914,0.0032717180001782253,0.001265268998395186,0.09017944800143596
6,64,2.5,21,0.3,1,2.0,2.0345584192064785,1,2,0.0005,0,1,0,0,4.944163457429652e-16,1.3812679469081402e-15,1.493764193028821e-15,0.12890831406737,0.5026643315186745,2.029933958220362,0.12890831406737008,0.5026643315186745,2.029933958220361,0.976565693230511,0.9765656932305113,3.410593979456219e-16,13,6,21.0,21.0,4096.0,0.0002490459955879487,0.000142912998853717,0.004374989002826624,qiskit_statevector,0.004124514001887292,0.00025047500093933195,nan,nan,0.07346097599656787,0.0029944600028102286,0.0016398779989685863,0.09336735800025053
6,64,2.5,21,0.4,1,2.0,2.0345584192064785,1,2,0.0005,0,1,0,0,1.6443523667382486e-15,2.037457046377521e-15,2.5522377256499897e-15,0.11238191573818537,0.5519509589200541,0.9376217403195929,0.11238191573818572,0.551950958920054,0.9376217403195953,0.976565693230511,0.9765656932305123,1.3642375917824875e-15,13,6,21.0,21.0,4096.0,0.0002451149994158186,0.00014177300181472674,0.003952389997721184,qiskit_statevector,0.0037608359998557717,0.00019155399786541238,nan,nan,0.07881985000130953,0.0033185349966515787,0.0007880679986556061,0.09881551699800184
6,64,2.5,21,0.5,1,2.0,2.0345584192064785,1,2,0.0005,0,1,0,0,1.6112117695502878e-15,1.722875323431936e-15,1.1625536752762799e-15,0.1204999082203799,0.5704387591276813,0.5757614067716184,0.12049990822038018,0.5704387591276813,0.575761406771619,0.976565693230511,0.9765656932305123,1.3642375917824875e-15,13,6,21.0,21.0,4096.0,0.00025331600045319647,0.000144473000545986,0.0038533270053449087,qiskit_statevector,0.0036789240039070137,0.000174403001437895,nan,nan,0.065324633003911,0.0031804690006538294,0.001603889002581127,0.08519498399982695
6,64,2.5,21,0.6,1,2.0,2.0345584192064785,1,2,0.0005,0,1,0,0,1.140145564443059e-15,1.4544973668078747e-15,1.0769059697250476e-15,0.15521606910983776,0.5467087879863738,0.5559021714917097,0.15521606910983793,0.5467087879863738,0.5559021714917093,0.976565693230511,0.9765656932305122,1.2505511258006135e-15,13,6,21.0,21.0,4096.0,0.00022514499869430438,0.00015171300037764013,0.004142955003771931,qiskit_statevector,0.003948350000428036,0.00019460500334389508,nan,nan,0.0666631639978732,0.003110550002020318,0.0008512490021530539,0.08575316399947042
6,64,2.5,21,0.7,1,2.0,2.0345584192064785,1,2,0.0005,0,1,0,0,1.1828205612440538e-15,1.912389285083517e-15,1.2977564136900869e-15,0.18279032712460835,0.5186854144033468,0.5699856229715337,0.18279032712460844,0.518685414403347,0.5699856229715343,0.976565693230511,0.976565693230512,1.0231781938368657e-15,13,6,21.0,21.0,4096.0,0.00023013500322122127,0.00014795300376135856,0.004383829997095745,qiskit_statevector,0.004152993999014143,0.00023083599808160216,nan,nan,0.06885180300014326,0.002976006995595526,0.0010914449958363548,0.08768184799555456
6,64,2.5,21,0.8,1,2.0,2.0345584192064785,1,2,0.0005,0,1,0,0,1.881529147597463e-15,2.1952525152264507e-15,1.252872811247168e-15,0.19066431859250205,0.5544730951245433,0.7321892448240885,0.19066431859250227,0.5544730951245436,0.7321892448240884,0.976565693230511,0.9765656932305128,1.8189834557099835e-15,13,6,21.0,21.0,4096.0,0.00028143600502517074,0.00017872399621410295,0.004677192999224644,qiskit_statevector,0.0044104689950472675,0.00026672400417737663,nan,nan,0.0709067059942754,0.0032355339935747907,0.0008991310023702681,0.09051032900606515
6,64,2.5,21,0.9,1,2.0,2.0345584192064785,1,2,0.0005,0,1,0,0,6.4510966262146e-16,2.1969008212489267e-15,1.6550645468192681e-15,0.18480894937688416,0.626066826413433,0.739533490940897,0.1848089493768841,0.6260668264134329,0.7395334909408974,0.976565693230511,0.9765656932305105,5.684323299093698e-16,13,6,21.0,21.0,4096.0,0.00024267600383609533,0.0001413630016031675,0.0042339460051152855,qiskit_statevector,0.00401221100037219,0.0002217350047430955,nan,nan,0.0747480979989632,0.003406324001844041,0.0008394989999942482,0.09322515299572842
6,64,2.5,21,1.0,1,2.0,2.0345584192064785,1,2,0.0005,0,1,0,0,1.0098611320398728e-15,2.134642550816996e-15,1.5920763913180415e-15,0.17258454054713646,0.6963651993051774,0.6783554540749869,0.17258454054713634,0.6963651993051772,0.6783554540749871,0.976565693230511,0.9765656932305098,1.2505511258006135e-15,13,6,21.0,21.0,4096.0,0.00031981700158212334,0.0001775839991751127,0.0044785790087189525,qiskit_statevector,0.0042820340022444725,0.00019654500647448003,nan,nan,0.06989767500635935,0.003140131004329305,0.0009238210041075945,0.08919812300155172
6,64,2.5,21,0.0,2,2.0,2.018905338179353,-2,-1,0.0005,0,1,0,0,3.561701450209654e-16,8.985800667205868e-16,4.516542767405317e-15,0.17186224155692353,0.21681528298101843,3.7880462030613233,0.1718622415569235,0.2168152829810185,3.7880462030613216,0.9763508240237067,0.9763508240237067,0.0,13,6,21.0,21.0,4096.0,0.0002161250013159588,0.00014095299411565065,0.0026893709946307354,qiskit_statevector,0.002511816994228866,0.00017755400040186942,nan,nan,0.07433115800085943,0.0031507910025538877,0.0008340290005435236,0.09126210300019011
6,64,2.5,21,0.1,2,2.0,2.018905338179353,-2,-1,0.0005,0,1,0,0,1.0832268768262822e-15,1.228608447791219e-15,1.830567662287787e-15,0.14603153663692922,0.49201925451540407,3.492830487799371,0.14603153663692922,0.49201925451540396,3.4928304877993717,0.9763508240237067,0.9763508240237054,1.2508263393015985e-15,13,6,21.0,21.0,4096.0,0.00030193699785741046,0.0002532350044930354,0.004040582003653981,qiskit_statevector,0.0038433480003732257,0.00019723400328075513,nan,nan,0.06765150900173467,0.003210875998775009,0.0010034529987024143,0.08654116200341377
6,64,2.5,21,0.2,2,2.0,2.018905338179353,-2,-1,0.0005,0,1,0,0,2.4170320691777586e-15,2.420597263738526e-15,1.965783416799152e-15,0.13109411563650364,0.5235485128606586,3.0835413099781417,0.13109411563650386,0.5235485128606586,3.0835413099781435,0.9763508240237067,0.9763508240237091,2.501652678603197e-15,13,6,21.0,21.0,4096.0,0.00024301499797729775,0.0001495039978181012,0.004021800996270031,qiskit_statevector,0.003829606997896917,0.00019219399837311357,nan,nan,0.06926323600055184,0.003088176999881398,0.0008616690029157326,0.0880678569956217
6,64,2.5,21,0.3,2,2.0,2.018905338179353,-2,-1,0.0005,0,1,0,0,6.536828352529703e-16,1.6013504219172255e-15,2.1690512164010724e-15,0.13011491377142498,0.5009491533972819,1.9647401783270535,0.1301149137714251,0.500949153397282,1.96474017832705,0.9763508240237067,0.9763508240237071,4.548459415642176e-16,13,6,21.0,21.0,4096.0,0.00024592599947936833,0.0001690030039753765,0.003766816000279505,qiskit_statevector,0.003596681999624707,0.000170134000654798,nan,nan,0.07279702199593885,0.0032628650005790405,0.0008007380019989796,0.09053728300204966
6,64,2.5,21,0.4,2,2.0,2.018905338179353,-2,-1,0.0005,0,1,0,0,2.1040624685417812e-15,2.3911853742262073e-15,1.8644057002575397e-15,0.11257706478468842,0.552819699155858,0.8858356652831822,0.11257706478468886,0.5528196991558579,0.8858356652831818,0.9763508240237067,0.9763508240237085,1.9330952516479248e-15,13,6,21.0,21.0,4096.0,0.0004038990009576082,0.00015854299999773502,0.00421676599944476,qiskit_statevector,0.004003730995464139,0.0002130350039806217,nan,nan,0.06811551300052088,0.003317231996334158,0.0012792690031346865,0.08759965200442821
6,64,2.5,21,0.5,2,2.0,2.018905338179353,-2,-1,0.0005,0,1,0,0,1.3282020368311024e-15,2.0643817140637183e-15,8.982035337227705e-16,0.1202810776326483,0.5736808336133421,0.5460276303966712,0.12028107763264859,0.5736808336133421,0.5460276303966712,0.9763508240237067,0.9763508240237079,1.2508263393015985e-15,13,6,21.0,21.0,4096.0,0.0002627360008773394,0.00016759299614932388,0.003966651005612221,qiskit_statevector,0.003784796004765667,0.0001818550008465536,nan,nan,0.06847101900348207,0.003051564999623224,0.0009816419988055713,0.08730083300179103
6,64,2.5,21,0.6,2,2.0,2.018905338179353,-2,-1,0.0005,0,1,0,0,1.5508858844804814e-15,2.1497324627613515e-15,1.0671473732007935e-15,0.1558641087605747,0.5506671929618525,0.537274619989077,0.15586410876057497,0.5506671929618526,0.5372746199890769,0.9763508240237067,0.9763508240237081,1.4782493100837072e-15,13,6,21.0,21.0,4096.0,0.00022445499780587852,0.00013849300012225285,0.0044328909934847616,qiskit_statevector,0.004237265995470807,0.0001956249980139546,nan,nan,0.07063999999809312,0.003234164003515616,0.0009284010011469945,0.0890924699997413
6,64,2.5,21,0.7,2,2.0,2.018905338179353,-2,-1,0.0005,0,1,0,0,1.0649356633406028e-15,2.1777237233954837e-15,1.1778101055219266e-15,0.18404249554436689,0.524375703912027,0.5556084952474212,0.18404249554436705,0.5243757039120273,0.5556084952474207,0.9763508240237067,0.9763508240237074,7.959803977373809e-16,13,6,21.0,21.0,4096.0,0.0002651760005392134,0.00017597399710211903,0.003985480994742829,qiskit_statevector,0.003809256995737087,0.00017622399900574237,nan,nan,0.06816936099494342,0.0032315339994966052,0.0008877700020093471,0.08741155800089473
6,64,2.5,21,0.8,2,2.0,2.018905338179353,-2,-1,0.0005,0,1,0,0,2.3139123100345463e-15,2.025090500365036e-15,1.4560434476945184e-15,0.19203273469751458,0.5629748153936635,0.7236693670871743,0.1920327346975148,0.5629748153936635,0.7236693670871743,0.9763508240237067,0.976350824023709,2.3879411932121427e-15,13,6,21.0,21.0,4096.0,0.0002575859980424866,0.0002731770000536926,0.005107687000418082,qiskit_statevector,0.00485668199689826,0.0002510050035198219,nan,nan,0.06619617099931929,0.003152645003865473,0.0010985250046360306,0.08619478699984029
6,64,2.5,21,0.9,2,2.0,2.018905338179353,-2,-1,0.0005,0,1,0,0,6.975665920419767e-16,2.041395414598462e-15,1.4553210384102875e-15,0.18596933947930108,0.6354890164635061,0.7395954406079541,0.1859693394793011,0.6354890164635062,0.739595440607954,0.9763508240237067,0.9763508240237071,4.548459415642176e-16,13,6,21.0,21.0,4096.0,0.00024080499861156568,0.00014604399621021003,0.004098299999895971,qiskit_statevector,0.00392333600029815,0.00017496399959782138,nan,nan,0.11926808099815389,0.003167782000673469,0.0009300610036007129,0.13756408000335796
6,64,2.5,21,1.0,2,2.0,2.018905338179353,-2,-1,0.0005,0,1,0,0,1.1381954508642473e-15,1.89827968185851e-15,1.652126038314932e-15,0.17394758444147063,0.7036905110606352,0.6867277903564353,0.17394758444147052,0.703690511060635,0.6867277903564344,0.9763508240237067,0.9763508240237057,1.0234033685194897e-15,13,6,21.0,21.0,4096.0,0.00025045499933185056,0.0001457839971408248,0.0037473549964488484,qiskit_statevector,0.0035816210001939908,0.00016573399625485763,nan,nan,0.06847782299882965,0.003406297000765335,0.0008109080008580349,0.08629769000253873
6,64,2.5,21,0.0,3,2.0,2.204091912138518,-2,-1,0.0005,0,1,0,0,2.0544581227247173e-17,1.4103917657309097e-16,5.90652105420296e-17,0.18337727773594414,0.22551996563358007,3.3033090815333197,0.18337727773594414,0.22551996563358007,3.3033090815333197,0.9786937626785144,0.9786937626785144,0.0,13,6,21.0,21.0,4096.0,0.0002835470004356466,0.00019412399706197903,0.002854034995834809,qiskit_statevector,0.0026770909971673973,0.0001769439986674115,nan,nan,0.07107444499706617,0.0031247870065271854,0.0008523990036337636,0.08796124400396366
6,64,2.5,21,0.1,3,2.0,2.204091912138518,-2,-1,0.0005,0,1,0,0,1.1060180697863681e-15,1.444636342212639e-15,2.8053544228851386e-15,0.15423004294997744,0.4680513196124545,3.2137842567726316,0.15423004294997747,0.46805131961245444,3.2137842567726302,0.9786937626785144,0.9786937626785136,7.94074864757152e-16,13,6,21.0,21.0,4096.0,0.00033774699841160327,0.0001792639959603548,0.004296447994420305,qiskit_statevector,0.004103843995835632,0.0001926039985846728,nan,nan,0.0685212579992367,0.003039779003302101,0.0009585920051904395,0.08734307999839075
6,64,2.5,21,0.2,3,2.0,2.204091912138518,-2,-1,0.0005,0,1,0,0,1.5736619142658027e-15,1.974744525180761e-15,1.9149756609905133e-15,0.11981854952917644,0.5421411088975824,3.1988441053233676,0.11981854952917655,0.5421411088975825,3.198844105323365,0.9786937626785144,0.9786937626785163,1.9284675286959408e-15,13,6,21.0,21.0,4096.0,0.00025427599757676944,0.000145883001096081,0.00405484300426906,qiskit_statevector,0.0038821289999759756,0.00017271400429308414,nan,nan,0.07227318800141802,0.0031379609936266206,0.0008699989994056523,0.09041213000455173
6,64,2.5,21,0.3,3,2.0,2.204091912138518,-2,-1,0.0005,0,1,0,0,1.23952629167903e-15,1.4198721314509039e-15,1.491300591340167e-15,0.11699429454361285,0.5206539275551882,2.617048791874197,0.11699429454361301,0.5206539275551882,2.6170487918742005,0.9786937626785144,0.978693762678516,1.701588995908183e-15,13,6,21.0,21.0,4096.0,0.000262304994976148,0.00014055400242796168,0.003904607998265419,qiskit_statevector,0.0036862929991912097,0.00021831499907420948,nan,nan,0.07016175200260477,0.0034625949992914684,0.0007861980047891848,0.08837333300471073
6,64,2.5,21,0.4,3,2.0,2.204091912138518,-2,-1,0.0005,0,1,0,0,2.0044552843478624e-15,1.912465622308142e-15,1.210474205056266e-15,0.1119181082055646,0.5411630176604532,1.5621453858616536,0.11191810820556494,0.5411630176604529,1.5621453858616527,0.9786937626785144,0.9786937626785165,2.1553460614836984e-15,13,6,21.0,21.0,4096.0,0.00024045500322245061,0.00016010399849619716,0.00455132000206504,qiskit_statevector,0.004339585000707302,0.00021173500135773793,nan,nan,0.06931937800254673,0.00341361400205642,0.0008797999980743043,0.08823198000027332
6,64,2.5,21,0.5,3,2.0,2.204091912138518,-2,-1,0.0005,0,1,0,0,1.828142234849295e-15,1.77080527776353e-15,1.2191291144078894e-15,0.122966926218484,0.5414034738557661,0.9972578198042081,0.12296692621848429,0.541403473855766,0.9972578198042082,0.9786937626785144,0.9786937626785165,2.1553460614836984e-15,13,6,21.0,21.0,4096.0,0.00024796499928925186,0.000141764001455158,0.0037851960005355068,qiskit_statevector,0.003618251997977495,0.00016694400255801156,nan,nan,0.06993034199695103,0.003436525003053248,0.0009800719999475405,0.08842211199953454
6,64,2.5,21,0.6,3,2.0,2.204091912138518,-2,-1,0.0005,0,1,0,0,1.6062293642839821e-15,1.6769005004550085e-15,1.8408538312127183e-15,0.1480005189456531,0.5214482616505548,0.8485493046687637,0.1480005189456533,0.5214482616505548,0.8485493046687623,0.9786937626785144,0.9786937626785162,1.815028262302062e-15,13,6,21.0,21.0,4096.0,0.00023024599795462564,0.00014247299986891448,0.004229461002978496,qiskit_statevector,0.004023956003948115,0.00020550499903038144,nan,nan,0.06950574000074994,0.003266578001785092,0.0010936400067294016,0.08777823000127682
6,64,2.5,21,0.7,3,2.0,2.204091912138518,-2,-1,0.0005,0,1,0,0,9.595710514018107e-16,1.9393965794399976e-15,1.428299682474182e-15,0.17093044482574157,0.4774728244368508,0.7892860711027174,0.17093044482574166,0.4774728244368508,0.7892860711027189,0.9786937626785144,0.9786937626785154,1.0209533975449098e-15,13,6,21.0,21.0,4096.0,0.0002322549989912659,0.00019014500139746815,0.0038666469990857877,qiskit_statevector,0.003698253996844869,0.00016839300224091858,nan,nan,0.07136899000033736,0.003437015002418775,0.0008041379987844266,0.0899920040028519
6,64,2.5,21,0.8,3,2.0,2.204091912138518,-2,-1,0.0005,0,1,0,0,1.3044613301238932e-15,2.0847471388205815e-15,1.4966764151957043e-15,0.17723761672983548,0.4869435227258822,0.861519773609981,0.17723761672983562,0.48694352272588237,0.8615197736099796,0.9786937626785144,0.9786937626785159,1.588149729514304e-15,13,6,21.0,21.0,4096.0,0.00027402699925005436,0.0001420030021108687,0.004534720006631687,qiskit_statevector,0.004335755002102815,0.00019896500452887267,nan,nan,0.0702860840028734,0.00328921099571744,0.0008030179960769601,0.08948646199860377
6,64,2.5,21,0.9,3,2.0,2.204091912138518,-2,-1,0.0005,0,1,0,0,6.691414658265492e-16,2.0354538319271766e-15,1.3776357816599823e-15,0.17174607759352956,0.5391460521493139,0.7884556252706004,0.17174607759352947,0.5391460521493138,0.7884556252706011,0.9786937626785144,0.978693762678514,3.403177991816366e-16,13,6,21.0,21.0,4096.0,0.00021246499818516895,0.00013752299855696037,0.003983536000305321,qiskit_statevector,0.0038058419959270395,0.00017769400437828153,nan,nan,0.07029871899430873,0.003363624004123267,0.0009019409990287386,0.08819662500172853
6,64,2.5,21,1.0,3,2.0,2.204091912138518,-2,-1,0.0005,0,1,0,0,1.0262388232615656e-15,2.2433047726497675e-15,1.5467243243429881e-15,0.15755550058400172,0.6214518685023276,0.6337426540328402,0.1575555005840016,0.6214518685023275,0.6337426540328402,0.9786937626785144,0.9786937626785137,6.806355983632732e-16,13,6,21.0,21.0,4096.0,0.0002865470014512539,0.0001674230006756261,0.005162720997759607,qiskit_statevector,0.004897334998531733,0.000265385999227874,nan,nan,0.0699733590008691,0.003119854001852218,0.001342971001577098,0.08945607900386676
6,64,2.5,21,0.0,4,2.0,1.934820884738831,2,0,0.0005,63,0,0,0,1.7518067865732084e-16,7.077021347848078e-16,8.0475079495735e-15,0.16394392718310422,0.22040946266349917,3.879854700812179,0.16394392718310422,0.22040946266349923,3.879854700812179,0.9750820129280184,0.9750820129280184,0.0,13,6,21.0,21.0,4096.0,0.00021075500262668356,0.00013622300321003422,0.0025450479952269234,qiskit_statevector,0.002362753999477718,0.00018229399574920535,nan,nan,0.07381534999876749,0.0031450410024262965,0.0009281210004701279,0.09029363399895374
6,64,2.5,21,0.1,4,2.0,1.934820884738831,2,0,0.0005,63,0,0,0,1.0707001773699999e-15,1.2007517169148237e-15,1.6877890738940286e-15,0.14198073543827844,0.5045673277162663,3.466843509380907,0.1419807354382784,0.5045673277162663,3.4668435093809067,0.9750820129280184,0.9750820129280177,7.970161554964301e-16,13,6,21.0,21.0,4096.0,0.00022478500613942742,0.0001992840043385513,0.004434751004737336,qiskit_statevector,0.004233537001709919,0.00020121400302741677,nan,nan,0.0711233190013445,0.0030095280017121695,0.000831229001050815,0.08961488199565792
6,64,2.5,21,0.2,4,2.0,1.934820884738831,2,0,0.0005,63,0,0,0,2.435745504419764e-15,2.1506962819862156e-15,1.1394139101036646e-15,0.13829047030700523,0.5121025117010269,2.8815784035673238,0.13829047030700548,0.512102511701027,2.8815784035673233,0.9750820129280184,0.9750820129280211,2.732626818844903e-15,13,6,21.0,21.0,4096.0,0.0002608659997349605,0.0001667440010351129,0.0040789170016068965,qiskit_statevector,0.003911523999704514,0.00016739300190238282,nan,nan,0.07168314699811162,0.002959361001558136,0.0008979589983937331,0.08992178899643477
6,64,2.5,21,0.3,4,2.0,1.934820884738831,2,0,0.0005,63,0,0,0,1.3595739962355177e-15,1.4791974489660048e-15,1.648803835548519e-15,0.13686005212631008,0.49436257197413896,1.602242525643458,0.13686005212631025,0.49436257197413896,1.6022425256434596,0.9750820129280184,0.9750820129280199,1.4801728602076558e-15,13,6,21.0,21.0,4096.0,0.0002206350036431104,0.000157813003170304,0.0040426249979645945,qiskit_statevector,0.003806399996392429,0.00023622500157216564,nan,nan,0.0699683630009531,0.0030755990010220557,0.000799959001597017,0.0883013260026928
6,64,2.5,21,0.4,4,2.0,1.934820884738831,2,0,0.0005,63,0,0,0,1.86708755169688e-15,2.393678813254752e-15,2.0926284392737543e-15,0.11464774688163501,0.5582389161207862,0.6342306824219816,0.11464774688163541,0.5582389161207862,0.6342306824219832,0.9750820129280184,0.9750820129280205,2.1633295649188815e-15,13,6,21.0,21.0,4096.0,0.00023643599706701934,0.00013805300113745034,0.003987987001892179,qiskit_statevector,0.003760521998628974,0.0002274650032632053,nan,nan,0.0689092940010596,0.0031996559991966933,0.000917710000067018,0.08674296000390314
6,64,2.5,21,0.5,4,2.0,1.934820884738831,2,0,0.0005,63,0,0,0,6.232916714205312e-16,1.7792951522956898e-15,1.0745720502566252e-15,0.1194070197221433,0.5941306337931602,0.4115366702161166,0.11940701972214349,0.5941306337931602,0.4115366702161163,0.9750820129280184,0.9750820129280192,7.970161554964301e-16,13,6,21.0,21.0,4096.0,0.0002718359974096529,0.00016762399900471792,0.003774169003008865,qiskit_statevector,0.003565634004189633,0.000208534998819232,nan,nan,0.07100268299836898,0.0031196909985737875,0.0008894299971871078,0.08942417000071146
6,64,2.5,21,0.6,4,2.0,1.934820884738831,2,0,0.0005,63,0,0,0,1.9138880187859517e-15,1.5912522514444256e-15,1.0991945368417232e-15,0.1592697938932673,0.5789621142218127,0.4600987252286825,0.15926979389326754,0.5789621142218127,0.46009872522868234,0.9750820129280184,0.9750820129280201,1.7078917617780644e-15,13,6,21.0,21.0,4096.0,0.00024268499691970646,0.00017878400103654712,0.004112891998374835,qiskit_statevector,0.003870597000059206,0.00024229499831562862,nan,nan,0.07091801999922609,0.0031439899976248853,0.0008037379957386293,0.0892297829996096
6,64,2.5,21,0.7,4,2.0,1.934820884738831,2,0,0.0005,63,0,0,0,3.653349228114162e-16,2.0180379849662686e-15,1.2951613947306376e-15,0.1913987073808694,0.5617740888979948,0.4949538470132986,0.19139870738086934,0.5617740888979948,0.4949538470132988,0.9750820129280184,0.9750820129280188,3.415783523556129e-16,13,6,21.0,21.0,4096.0,0.00025177599309245124,0.00016854400018928573,0.0038351569965016097,qiskit_statevector,0.0036714629968628287,0.00016369399963878095,nan,nan,0.06794046200229786,0.0031365449976874515,0.000910509996174369,0.08581430200138129
6,64,2.5,21,0.8,4,2.0,1.934820884738831,2,0,0.0005,63,0,0,0,2.4608102151875645e-15,2.0504567619011816e-15,1.4187068809051535e-15,0.19981043744076238,0.6145458133015201,0.6834683838193187,0.1998104374407626,0.6145458133015204,0.6834683838193195,0.9750820129280184,0.9750820129280211,2.732626818844903e-15,13,6,21.0,21.0,4096.0,0.0002812769962474704,0.00017017399659380317,0.0037887559956288897,qiskit_statevector,0.003564000995538663,0.00022475500009022653,nan,nan,0.07034264800313395,0.0030392289991141297,0.0008308090036734939,0.08818542899825843
6,64,2.5,21,0.9,4,2.0,1.934820884738831,2,0,0.0005,63,0,0,0,4.481302474569378e-16,2.1559331851511632e-15,1.5792225779893178e-15,0.19191450061548213,0.6884306321506868,0.7529759375866677,0.1919145006154821,0.6884306321506867,0.7529759375866676,0.9750820129280184,0.9750820129280183,1.138594507852043e-16,13,6,21.0,21.0,4096.0,0.00042625999776646495,0.0002300950000062585,0.00443103100406006,qiskit_statevector,0.004255776999343652,0.0001752540047164075,nan,nan,0.06973973300046055,0.003693784005008638,0.0008330490018124692,0.08862940299877664
6,64,2.5,21,1.0,4,2.0,1.934820884738831,2,0,0.0005,63,0,0,0,1.2250526055313321e-15,2.1344002914349487e-15,1.7946981256878217e-15,0.18105571131703077,0.743123449093345,0.7429237228227146,0.18105571131703063,0.743123449093345,0.742923722822715,0.9750820129280184,0.9750820129280177,7.970161554964301e-16,13,6,21.0,21.0,4096.0,0.00022562500089406967,0.0002459659954183735,0.004331148003984708,qiskit_statevector,0.004108592998818494,0.00022255500516621396,nan,nan,0.06819122099841479,0.0032724010015954264,0.0008861199967213906,0.0866549939964898
7,128,2.5,21,0.0,0,2.0,2.0,0,0,0.0,127,0,0,0,1.7989431048528473e-16,1.4883406296438537e-15,2.33906883797408e-15,0.17020629437296517,0.21909937991103462,7.293628121311227,0.1702062943729652,0.2190993799110346,7.29362812131123,0.9760822610479496,0.9760822610479495,1.1374277240047264e-16,15,6,21.0,21.0,16384.0,0.0009962800031644292,0.000752797001041472,0.0038757150032324716,qiskit_statevector,0.003042492004169617,0.0008332229990628548,nan,nan,0.07657112300512381,0.015399406998767518,0.005685438998625614,0.17752308799390448
7,128,2.5,21,0.1,0,2.0,2.0,0,0,0.0,127,0,0,0,7.227670614049097e-16,2.0608807158800473e-15,2.781833178360327e-15,0.1450739369773127,0.5007741411385123,5.762605330727468,0.14507393697731272,0.5007741411385122,5.762605330727472,0.9760822610479496,0.9760822610479489,6.824566344028358e-16,15,6,21.0,21.0,16384.0,0.000676124996971339,0.0004832010017707944,0.004521581991866697,qiskit_statevector,0.004063107997353654,0.00045847399451304227,nan,nan,0.07552893600222887,0.012799131000065245,0.003981277004641015,0.16619069700391265
7,128,2.5,21,0.2,0,2.0,2.0,0,0,0.0,127,0,0,0,1.308687647107858e-15,2.4736330015925064e-15,2.273508908666883e-15,0.13258262521659273,0.5253969335375245,3.992506135441663,0.13258262521659286,0.5253969335375246,3.9925061354416584,0.9760822610479496,0.9760822610479508,1.251170496405199e-15,15,6,21.0,21.0,16384.0,0.0006000329958624206,0.00043975999869871885,0.004506985998887103,qiskit_statevector,0.003995571001723874,0.0005114149971632287,nan,nan,0.0741666530011571,0.01597799100272823,0.005045240999606904,0.16483742499985965
7,128,2.5,21,0.3,0,2.0,2.0,0,0,0.0,127,0,0,0,1.2439857149856217e-15,2.4876289527913152e-15,2.710475270470832e-15,0.13158993564756263,0.5029701972773285,2.2438389539767116,0.1315899356475628,0.5029701972773284,2.2438389539767165,0.9760822610479496,0.9760822610479507,1.1374277240047264e-15,15,6,21.0,21.0,16384.0,0.0006997559976298362,0.0004853810023632832,0.005153816004167311,qiskit_statevector,0.0046862060044077225,0.0004676099997595884,nan,nan,0.07477592299983371,0.01461998400191078,0.002917391997470986,0.16255703900242224
7,128,2.5,21,0.4,0,2.0,2.0,0,0,0.0,127,0,0,0,1.84703845233378e-15,3.4036013880952836e-15,1.7209513704829624e-15,0.11288516860855942,0.5582818110507544,0.9711085132378761,0.11288516860855975,0.5582818110507544,0.9711085132378764,0.9760822610479496,0.9760822610479515,1.933627130808035e-15,15,6,21.0,21.0,16384.0,0.0006360539991874248,0.0006350709954858758,0.0053777670036652125,qiskit_statevector,0.0048200250021182,0.0005577420015470125,nan,nan,0.07540330499614356,0.013293181000335608,0.015049863002786878,0.1797023539984366
7,128,2.5,21,0.5,0,2.0,2.0,0,0,0.0,127,0,0,0,1.7697500245024173e-15,3.001139615033524e-15,1.600513977432905e-15,0.1200455776876613,0.5820378646008172,0.5831692374369137,0.12004557768766165,0.5820378646008172,0.5831692374369135,0.9760822610479496,0.9760822610479511,1.592398813606617e-15,15,6,21.0,21.0,16384.0,0.0006941340034245513,0.00049116099398816,0.0044256019973545335,qiskit_statevector,0.003993651997006964,0.0004319500003475696,nan,nan,0.0776015820010798,0.013414494998869486,0.008273008999822196,0.1679292270055157
7,128,2.5,21,0.6,0,2.0,2.0,0,0,0.0,127,0,0,0,1.5053116733021933e-15,2.42976347184207e-15,1.9465566240666884e-15,0.15664832105099796,0.5602750205725368,0.565311679791716,0.15664832105099816,0.5602750205725368,0.5653116797917163,0.9760822610479496,0.9760822610479511,1.592398813606617e-15,15,6,21.0,21.0,16384.0,0.0006982859995332547,0.0005033109991927631,0.0042973279996658675,qiskit_statevector,0.003891868000209797,0.00040545999945607036,nan,nan,0.0721428230026504,0.026431727994349785,0.0023752039996907115,0.16977205800503725
7,128,2.5,21,0.7,0,2.0,2.0,0,0,0.0,127,0,0,0,5.032305582775643e-16,3.645107620330178e-15,2.3208931728100424e-15,0.1856005820019071,0.5351332515125767,0.5716252898807432,0.1856005820019071,0.5351332515125768,0.5716252898807423,0.9760822610479496,0.9760822610479498,2.274855448009453e-16,15,6,21.0,21.0,16384.0,0.0008317629981320351,0.0004976910058758222,0.005827661996590905,qiskit_statevector,0.005322090997651685,0.0005055709989392199,nan,nan,0.0803226479984005,0.012503388999903109,0.02665726600389462,0.1977737750057713
7,128,2.5,21,0.8,0,2.0,2.0,0,0,0.0,127,0,0,0,2.0888972196253457e-15,3.1657718572132962e-15,2.2808969312153438e-15,0.1937153434491103,0.5767907511725925,0.7462934614166645,0.19371534344911048,0.5767907511725926,0.7462934614166647,0.9760822610479496,0.9760822610479517,2.16111267560898e-15,15,6,21.0,21.0,16384.0,0.0008362480002688244,0.0004858410029555671,0.0074218879963154905,qiskit_statevector,0.006952236995857675,0.0004696510004578158,nan,nan,0.08503595700312871,0.012383134999254253,0.007058761999360286,0.18191774700244423
7,128,2.5,21,0.9,0,2.0,2.0,0,0,0.0,127,0,0,0,5.202842192704525e-16,4.242412051182189e-15,2.770667907448026e-15,0.1873542826811517,0.6503985906232672,0.765887154753702,0.18735428268115165,0.6503985906232672,0.765887154753702,0.9760822610479496,0.9760822610479492,4.549710896018906e-16,15,6,21.0,21.0,16384.0,0.0007976280030561611,0.0005748140029027127,0.005496088007930666,qiskit_statevector,0.004972567003278527,0.0005235210046521388,nan,nan,0.07119095700181788,0.014163362000545021,0.0033622330010985024,0.1702190080031869
7,128,2.5,21,1.0,0,2.0,2.0,0,0,0.0,127,0,0,0,1.5669362701258184e-15,3.555315490833784e-15,3.1121410008180475e-15,0.1755806877036859,0.7155955051603458,0.7117349239347373,0.17558068770368568,0.7155955051603455,0.7117349239347371,0.9760822610479496,0.9760822610479482,1.4786560412061444e-15,15,6,21.0,21.0,16384.0,0.0006543239942402579,0.000577204002183862,0.005933054999331944,qiskit_statevector,0.005339590999938082,0.0005934639993938617,nan,nan,0.07735768899874529,0.03449331800220534,0.003494897006021347,0.18475481600034982
7,128,2.5,21,0.0,1,2.0,2.0345584192064785,1,2,0.0005,127,0,0,0,3.184261059879418e-16,1.5410623802805773e-15,1.0250954580455889e-15,0.17319878995226393,0.21922701799692873,6.95186532076802,0.17319878995226395,0.21922701799692876,6.951865320768022,0.9765648100970042,0.9765648100970045,2.27373137583132e-16,15,6,21.0,21.0,16384.0,0.0006506249992526136,0.0009665260004112497,0.004056607001984958,qiskit_statevector,0.003348026002640836,0.0007085809993441217,nan,nan,0.07457195900497027,0.01398105899716029,0.006705722997139674,0.17559435099974507
7,128,2.5,21,0.1,1,2.0,2.0345584192064785,1,2,0.0005,127,0,0,0,1.123878683096375e-15,1.994973151636046e-15,4.1428879130129676e-15,0.14683905291575286,0.4959303297002862,5.730648430226239,0.14683905291575286,0.4959303297002861,5.730648430226227,0.9765648100970042,0.9765648100970034,9.09492550332528e-16,15,6,21.0,21.0,16384.0,0.0011412899984861724,0.0005131020006956533,0.006120479003584478,qiskit_statevector,0.005680499001755379,0.0004399800018290989,nan,nan,0.08247985700290883,0.013147067998943385,0.0026599410048220307,0.16583334800088778
7,128,2.5,21,0.2,1,2.0,2.0345584192064785,1,2,0.0005,127,0,0,0,2.2074416668897565e-15,2.7408019393724433e-15,1.4568236706732547e-15,0.12993322963656392,0.5301127048825637,4.158160783155666,0.12993322963656406,0.5301127048825638,4.158160783155669,0.9765648100970042,0.9765648100970066,2.387417944622886e-15,15,6,21.0,21.0,16384.0,0.0006721860045217909,0.00047418999747605994,0.006344463996356353,qiskit_statevector,0.005479034000018146,0.0008654299963382073,nan,nan,0.08022516000346513,0.013375487993471324,0.055709214000671636,0.22059132099821
7,128,2.5,21,0.3,1,2.0,2.0345584192064785,1,2,0.0005,127,0,0,0,8.971638649058402e-16,2.606734309496623e-15,2.288002089647303e-15,0.1289107615080427,0.5065643983271806,2.4407542574141887,0.12891076150804281,0.5065643983271807,2.440754257414185,0.9765648100970042,0.9765648100970052,1.023179119124094e-15,15,6,21.0,21.0,16384.0,0.0008101579951471649,0.001272857996809762,0.004682291000790428,qiskit_statevector,0.0042659820028347895,0.0004163089979556389,nan,nan,0.08203445999970427,0.01597574300103588,0.003520678001223132,0.1832205890023033
7,128,2.5,21,0.4,1,2.0,2.0345584192064785,1,2,0.0005,127,0,0,0,2.086402103750003e-15,3.739245335869205e-15,1.955532136107385e-15,0.11237301101019286,0.5564013621837387,1.1093357518295575,0.11237301101019333,0.5564013621837387,1.1093357518295581,0.9765648100970042,0.9765648100970062,2.046358238248188e-15,15,6,21.0,21.0,16384.0,0.0007196709993877448,0.0005144009992363863,0.006015715996909421,qiskit_statevector,0.0054752340001869015,0.0005404819967225194,nan,nan,0.08559428499575006,0.013089796004351228,0.08707344099821057,0.27971782500389963
7,128,2.5,21,0.5,1,2.0,2.0345584192064785,1,2,0.0005,127,0,0,0,2.0413843491554744e-15,3.1607864165847783e-15,3.0048518714248445e-15,0.12049698798993862,0.5746830859294312,0.6623602722820666,0.12049698798993902,0.5746830859294312,0.6623602722820672,0.9765648100970042,0.9765648100970065,2.27373137583132e-15,15,6,21.0,21.0,16384.0,0.0007599980017403141,0.000614507996942848,0.006241295996005647,qiskit_statevector,0.005789645998447668,0.0004516499975579791,nan,nan,0.08667410500493133,0.048387021000962704,0.005501186002220493,0.22656027899938636
7,128,2.5,21,0.6,1,2.0,2.0345584192064785,1,2,0.0005,127,0,0,0,1.5210052073829955e-15,2.580697591079182e-15,2.0531456323890935e-15,0.15521763907643943,0.551102258614412,0.6119542334057924,0.15521763907643965,0.551102258614412,0.6119542334057925,0.9765648100970042,0.9765648100970058,1.5916119630819238e-15,15,6,21.0,21.0,16384.0,0.0006744650017935783,0.000501362002978567,0.006688353001663927,qiskit_statevector,0.006073019001632929,0.0006153340000309981,nan,nan,0.08594596799957799,0.010498297997401096,0.03231986799801234,0.20340681699599372
7,128,2.5,21,0.7,1,2.0,2.0345584192064785,1,2,0.0005,127,0,0,0,1.1173827764480222e-15,3.6500290649948464e-15,2.2783520108360096e-15,0.1827902736602108,0.5220900981192036,0.6056176985438887,0.18279027366021092,0.5220900981192037,0.6056176985438875,0.9765648100970042,0.9765648100970052,1.023179119124094e-15,15,6,21.0,21.0,16384.0,0.0008370280047529377,0.0005543119987123646,0.005997241998557001,qiskit_statevector,0.005525861000933219,0.0004713809976237826,nan,nan,0.07581345300422981,0.03670802699343767,0.07706458400207339,0.2754273749960703
7,128,2.5,21,0.8,1,2.0,2.0345584192064785,1,2,0.0005,127,0,0,0,2.3118403011186983e-15,3.3725629432100687e-15,2.47720315746107e-15,0.1906616190898465,0.5576349503849336,0.7672497880769916,0.19066161908984672,0.5576349503849338,0.7672497880769925,0.9765648100970042,0.9765648100970066,2.387417944622886e-15,15,6,21.0,21.0,16384.0,0.0006994359937380068,0.00048793099995236844,0.0051756179964286275,qiskit_statevector,0.004703676997451112,0.00047194099897751585,nan,nan,0.0763267430011183,0.013908482003898825,0.006514726999739651,0.17626608299906366
7,128,2.5,21,0.9,1,2.0,2.0345584192064785,1,2,0.0005,127,0,0,0,9.35054356165829e-16,4.0276627926684466e-15,2.6905394924300784e-15,0.18480622138630684,0.6294562567487886,0.766140433186921,0.18480622138630692,0.6294562567487886,0.7661404331869218,0.9765648100970042,0.9765648100970051,9.09492550332528e-16,15,6,21.0,21.0,16384.0,0.0006665550026809797,0.0006294619961408898,0.004686297004809603,qiskit_statevector,0.004266987001756206,0.00041931000305339694,nan,nan,0.07150425500003621,0.015213598999253009,0.0024891659995773807,0.16327979000197956
7,128,2.5,21,1.0,1,2.0,2.0345584192064785,1,2,0.0005,127,0,0,0,1.422655191890403e-15,3.418957037837345e-15,2.954109812483473e-15,0.17258595958293496,0.6994420859981667,0.6926040055658426,0.17258595958293477,0.6994420859981665,0.6926040055658425,0.9765648100970042,0.9765648100970029,1.3642388254987919e-15,15,6,21.0,21.0,16384.0,0.0006657449994236231,0.0005712939964723773,0.005301004006469157,qiskit_statevector,0.004818512999918312,0.00048249100655084476,nan,nan,0.07458394499553833,0.014288899998064153,0.004469146995688789,0.16235474000131944
7,128,2.5,21,0.0,2,2.0,2.018905338179353,-2,-1,0.0005,0,1,0,0,1.592560853056606e-16,1.4900297540792162e-15,1.7110465141707546e-15,0.17187960461479682,0.21917319229196916,7.113127228334216,0.17187960461479682,0.2191731922919692,7.113127228334216,0.9763490434543917,0.9763490434543917,0.0,15,6,21.0,21.0,16384.0,0.0005144520036992617,0.00034325799788348377,0.0031243659905157983,qiskit_statevector,0.0026789549956447445,0.00044541099487105384,nan,nan,0.07952582899451954,0.01474716699885903,0.0044410039990907535,0.16603381099412218
7,128,2.5,21,0.1,2,2.0,2.018905338179353,-2,-1,0.0005,0,1,0,0,5.861079278621299e-16,2.0113471279093493e-15,3.265752181513014e-15,0.14603814183480102,0.4981474865654778,5.753120233192967,0.146038141834801,0.4981474865654778,5.753120233192977,0.9763490434543917,0.9763490434543912,4.548467710674901e-16,15,6,21.0,21.0,16384.0,0.0007590769964735955,0.0005071220002719201,0.004765295998367947,qiskit_statevector,0.004333605997089762,0.00043169000127818435,nan,nan,0.07325860200216994,0.01289551900117658,0.01829035899572773,0.1759731029960676
7,128,2.5,21,0.2,2,2.0,2.018905338179353,-2,-1,0.0005,0,1,0,0,2.2778434313539335e-15,2.7784727629316275e-15,1.8877218263310603e-15,0.1311050519539514,0.528050072640566,4.0856186986934535,0.13110505195395156,0.5280500726405661,4.08561869869346,0.9763490434543917,0.976349043454394,2.3879455481043228e-15,15,6,21.0,21.0,16384.0,0.0010550650040386245,0.0005276020019664429,0.009213612996973097,qiskit_statevector,0.008739502001844812,0.00047411099512828514,nan,nan,0.08169071000156691,0.01348536899604369,0.005318925999745261,0.17536378400109243
7,128,2.5,21,0.3,2,2.0,2.018905338179353,-2,-1,0.0005,0,1,0,0,1.310218340610138e-15,2.731393553707406e-15,1.8585255351712296e-15,0.13012243555475608,0.5049129945350169,2.351193487118046,0.13012243555475625,0.504912994535017,2.3511934871180444,0.9763490434543917,0.9763490434543928,1.1371169276687253e-15,15,6,21.0,21.0,16384.0,0.001106519004679285,0.0008341650027432479,0.005109896002977621,qiskit_statevector,0.004660165999666788,0.0004497300033108331,nan,nan,0.08784518000175012,0.01485973099624971,0.0026511399992159568,0.19739080900035333
7,128,2.5,21,0.4,2,2.0,2.018905338179353,-2,-1,0.0005,0,1,0,0,1.3038276223406854e-15,3.756675869798915e-15,2.8470420831182917e-15,0.11258250262546143,0.5572879742887167,1.0455833123401872,0.11258250262546185,0.5572879742887167,1.0455833123401899,0.9763490434543917,0.9763490434543929,1.2508286204355977e-15,15,6,21.0,21.0,16384.0,0.0008770540007390082,0.0004902820001007058,0.004946062996168621,qiskit_statevector,0.004496123001445085,0.0004499399947235361,nan,nan,0.0714650240042829,0.018156197998905554,0.012397618003888056,0.1808914309949614
7,128,2.5,21,0.5,2,2.0,2.018905338179353,-2,-1,0.0005,0,1,0,0,1.9517039874402992e-15,3.2659198341890613e-15,1.7245823059474976e-15,0.12029116026486394,0.5779575583455688,0.6248715574940049,0.12029116026486433,0.5779575583455688,0.6248715574940048,0.9763490434543917,0.9763490434543933,1.7056753915030879e-15,15,6,21.0,21.0,16384.0,0.0005316919996403158,0.0003610479980125092,0.004725969003629871,qiskit_statevector,0.004165855003520846,0.0005601140001090243,nan,nan,0.08786035799857927,0.016112657001940534,0.00446063099661842,0.18684850699355593
7,128,2.5,21,0.6,2,2.0,2.018905338179353,-2,-1,0.0005,0,1,0,0,1.89870594287791e-15,2.828160494439447e-15,2.4305598260624397e-15,0.1558719103628107,0.5550567713961074,0.5896485323879798,0.15587191036281098,0.5550567713961075,0.5896485323879779,0.9763490434543917,0.9763490434543936,1.933098777036833e-15,15,6,21.0,21.0,16384.0,0.0008590889992774464,0.0004967019995092414,0.005298690004565287,qiskit_statevector,0.0048354600003222,0.000463230004243087,nan,nan,0.07296897399646696,0.01251111400051741,0.05610142899968196,0.2087613070034422
7,128,2.5,21,0.7,2,2.0,2.018905338179353,-2,-1,0.0005,0,1,0,0,1.517348221218185e-15,3.643436052482485e-15,2.1976482643757176e-15,0.18404391287917074,0.5278048221222221,0.589351075128364,0.18404391287917088,0.5278048221222222,0.5893510751283642,0.9763490434543917,0.9763490434543932,1.5919636987362153e-15,15,6,21.0,21.0,16384.0,0.0007025869999779388,0.0004763409961014986,0.00620292300300207,qiskit_statevector,0.005774163000751287,0.00042876000225078315,nan,nan,0.07786723799654283,0.01654926199989859,0.0025607520001358353,0.1631862110007205
7,128,2.5,21,0.8,2,2.0,2.018905338179353,-2,-1,0.0005,0,1,0,0,2.351213861450556e-15,3.2197725352344102e-15,2.4044904848572537e-15,0.1920319134465764,0.5661178401103963,0.7574723779778664,0.19203191344657664,0.5661178401103966,0.7574723779778667,0.9763490434543917,0.9763490434543941,2.5016572408711953e-15,15,6,21.0,21.0,16384.0,0.000683506004861556,0.0004970110021531582,0.006645331006438937,qiskit_statevector,0.005954255000688136,0.0006910760057508014,nan,nan,0.08842249100416666,0.010734951996710151,0.08957298300083494,0.2664529660032713
7,128,2.5,21,0.9,2,2.0,2.018905338179353,-2,-1,0.0005,0,1,0,0,7.624366754295105e-16,4.0898239615586644e-15,2.7502984228109974e-15,0.18596872166779663,0.6388746838546407,0.7655494347781613,0.18596872166779654,0.6388746838546409,0.7655494347781608,0.9763490434543917,0.9763490434543909,7.959818493681077e-16,15,6,21.0,21.0,16384.0,0.0006980559992371127,0.0005273030037642457,0.008205752994399518,qiskit_statevector,0.007736162995570339,0.0004695899988291785,nan,nan,0.08031565100100124,0.012592122999194544,0.025223584998457227,0.20201544299925445
7,128,2.5,21,1.0,2,2.0,2.018905338179353,-2,-1,0.0005,0,1,0,0,1.3203954201762768e-15,3.5081963230190235e-15,3.057755187918353e-15,0.17394950189509814,0.7067674097516744,0.7008638536486812,0.173949501895098,0.7067674097516742,0.7008638536486816,0.9763490434543917,0.9763490434543904,1.2508286204355977e-15,15,6,21.0,21.0,16384.0,0.0006651450021308847,0.00048313099978258833,0.004611863994796295,qiskit_statevector,0.004201084993837867,0.0004107790009584278,nan,nan,0.07270739299565321,0.01245578099769773,0.011202725996554364,0.16599465099716326
7,128,2.5,21,0.0,3,2.0,2.204091912138518,-2,-1,0.0005,0,1,0,0,3.5923807491093745e-16,1.790624549627973e-15,1.1071166949456474e-15,0.18338610716225145,0.22784451543125284,4.963798899201238,0.18338610716225148,0.2278445154312529,4.963798899201241,0.9786931953220003,0.9786931953220006,3.403179964666705e-16,15,6,21.0,21.0,16384.0,0.0007038580006337725,0.0005379499998525716,0.0035967720032203943,qiskit_statevector,0.0030574510019505396,0.0005393210012698546,nan,nan,0.07382542100094724,0.014157785997667816,0.04811417999735568,0.2122697020022315
7,128,2.5,21,0.1,3,2.0,2.204091912138518,-2,-1,0.0005,0,1,0,0,1.2707343788080862e-15,2.0499345794274634e-15,1.7456008571930105e-15,0.15423603213809853,0.473799604893474,4.781943130887712,0.15423603213809853,0.47379960489347395,4.781943130887712,0.9786931953220003,0.9786931953219992,1.1343933215555683e-15,15,6,21.0,21.0,16384.0,0.0006989079993218184,0.00048246100050164387,0.0045055390073684976,qiskit_statevector,0.003983047005021945,0.0005224920023465529,nan,nan,0.07725680099974852,0.018142056003853213,0.0027007540047634393,0.1673156899996684
7,128,2.5,21,0.2,3,2.0,2.204091912138518,-2,-1,0.0005,0,1,0,0,1.4833930326707766e-15,2.7649518342557142e-15,3.2277957996536266e-15,0.11981830172731506,0.5467218293106278,4.4659308111369,0.11981830172731515,0.5467218293106278,4.465930811136891,0.9786931953220003,0.9786931953220017,1.474711318022239e-15,15,6,21.0,21.0,16384.0,0.0006780949988751672,0.0004822910050279461,0.004495507004321553,qiskit_statevector,0.004106429005332757,0.000389077998988796,nan,nan,0.07242578900331864,0.014496942996629514,0.0038113330010673963,0.17699423300655326
7,128,2.5,21,0.3,3,2.0,2.204091912138518,-2,-1,0.0005,0,1,0,0,8.261902987413485e-16,2.735082308307032e-15,3.888472785288774e-15,0.11700508636709513,0.5243889182117117,3.3552402120022227,0.11700508636709527,0.5243889182117117,3.3552402120022196,0.9786931953220003,0.9786931953220009,6.80635992933341e-16,15,6,21.0,21.0,16384.0,0.0008034080019569956,0.0005063310018158518,0.005979877998470329,qiskit_statevector,0.005511506999027915,0.00046837099944241345,nan,nan,0.07373706299404148,0.012331376005022321,0.00804728200455429,0.16979426799662178
7,128,2.5,21,0.4,3,2.0,2.204091912138518,-2,-1,0.0005,0,1,0,0,1.5836806022041685e-15,3.4170626243334345e-15,4.913808167462511e-15,0.11191497171003965,0.5457237712824768,1.9430473422724173,0.11191497171004001,0.5457237712824766,1.9430473422724215,0.9786931953220003,0.9786931953220018,1.5881506501777957e-15,15,6,21.0,21.0,16384.0,0.0006976549993851222,0.0005122920047142543,0.004818247994990088,qiskit_statevector,0.004378867997729685,0.0004393799972604029,nan,nan,0.0719941999996081,0.012905004005006049,0.023824030999094248,0.17832050900324248
7,128,2.5,21,0.5,3,2.0,2.204091912138518,-2,-1,0.0005,0,1,0,0,1.0041608883335161e-15,3.209992080740543e-15,1.8253945053347427e-15,0.12296335079736755,0.5457564402285162,1.2013157638620091,0.12296335079736781,0.5457564402285161,1.2013157638620076,0.9786931953220003,0.9786931953220013,1.0209539894000116e-15,15,6,21.0,21.0,16384.0,0.0006340549953165464,0.000484140997286886,0.0045668140082852915,qiskit_statevector,0.003976976004196331,0.0005898380040889606,nan,nan,0.07557523799914634,0.014240424003219232,0.006583011003385764,0.17024663600022905
7,128,2.5,21,0.6,3,2.0,2.204091912138518,-2,-1,0.0005,0,1,0,0,1.7932933501500818e-15,2.7239364465109567e-15,2.535025562849811e-15,0.14801323441432884,0.5264155744873121,0.96761285499291,0.14801323441432912,0.526415574487312,0.967612854992911,0.9786931953220003,0.9786931953220019,1.7015899823333526e-15,15,6,21.0,21.0,16384.0,0.000806978001492098,0.0008294459985336289,0.006984225001360755,qiskit_statevector,0.006375240998750087,0.0006089840026106685,nan,nan,0.07813602999522118,0.04133097400335828,0.10986506700282916,0.294285474003118
7,128,2.5,21,0.7,3,2.0,2.204091912138518,-2,-1,0.0005,0,1,0,0,7.24696384548432e-16,3.550053287468852e-15,1.952152670308628e-15,0.17094775669770695,0.481121748362641,0.862802857386053,0.17094775669770704,0.48112174836264116,0.8628028573860529,0.9786931953220003,0.9786931953220009,6.80635992933341e-16,15,6,21.0,21.0,16384.0,0.0006881339941173792,0.000484891002997756,0.006923133994860109,qiskit_statevector,0.0064363829951616935,0.0004867509996984154,nan,nan,0.08464313600416062,0.038879169995198026,0.05540220800321549,0.26470103700557956
7,128,2.5,21,0.8,3,2.0,2.204091912138518,-2,-1,0.0005,0,1,0,0,2.356687360096599e-15,3.42195378276953e-15,1.9517002058786302e-15,0.17723371833903387,0.490509223698098,0.9157624367811503,0.17723371833903406,0.4905092236980982,0.9157624367811511,0.9786931953220003,0.9786931953220026,2.3822259752666937e-15,15,6,21.0,21.0,16384.0,0.0006629249983234331,0.0004767210048157722,0.00432802699651802,qiskit_statevector,0.0039399779998348095,0.00038804899668321013,nan,nan,0.07295895300194388,0.015356520998466294,0.02168316100141965,0.18151517999649514
7,128,2.5,21,0.9,3,2.0,2.204091912138518,-2,-1,0.0005,0,1,0,0,5.392789206571859e-16,4.060226504642415e-15,2.5969458711190525e-15,0.17173139616070085,0.5425979061713262,0.8256270477984888,0.1717313961607008,0.5425979061713262,0.8256270477984893,0.9786931953220003,0.978693195322,2.2687866431111365e-16,15,6,21.0,21.0,16384.0,0.0007041770004434511,0.00035229800414526835,0.004703983002400491,qiskit_statevector,0.0042450430046301335,0.0004589399977703579,nan,nan,0.0749360859990702,0.014054997998755425,0.0027841539995279163,0.15711774300143588
7,128,2.5,21,1.0,3,2.0,2.204091912138518,-2,-1,0.0005,0,1,0,0,1.2019864959411922e-15,3.3828842676555104e-15,2.826462821781004e-15,0.15755030811090656,0.6247476852727984,0.6502699357009688,0.15755030811090642,0.6247476852727983,0.6502699357009695,0.9786931953220003,0.9786931953219994,9.075146572444546e-16,15,6,21.0,21.0,16384.0,0.0006331449985736981,0.0003392669968889095,0.004717407005955465,qiskit_statevector,0.004316848004236817,0.0004005590017186478,nan,nan,0.07177374100137968,0.012656529004743788,0.008259305999672506,0.1651732360041933
7,128,2.5,21,0.0,4,2.0,1.934820884738831,2,0,0.0005,0,1,0,0,1.993244503913861e-16,1.4564542086567143e-15,1.3259134467576798e-15,0.1639423770022119,0.22261655310191,7.758127661106827,0.1639423770022119,0.2226165531019101,7.758127661106822,0.9750803501891242,0.9750803501891242,0.0,15,6,21.0,21.0,16384.0,0.0008615530023234896,0.00047843100037425756,0.003146850998746231,qiskit_statevector,0.0027017609972972423,0.0004450900014489889,nan,nan,0.07312344299862161,0.01394708900625119,0.011779421001847368,0.16881393500079866
7,128,2.5,21,0.1,4,2.0,1.934820884738831,2,0,0.0005,0,1,0,0,8.692222261688263e-16,2.0304586415709953e-15,3.182705948013095e-15,0.14198846817253857,0.5107368909549099,5.658049656743449,0.14198846817253857,0.5107368909549099,5.658049656743449,0.9750803501891242,0.9750803501891234,7.970175145944376e-16,15,6,21.0,21.0,16384.0,0.0007099930007825606,0.00048757100012153387,0.004243516996211838,qiskit_statevector,0.0038305470006889664,0.0004129699955228716,nan,nan,0.07556720400316408,0.015502704001846723,0.0033589229933568276,0.16736349499842618
7,128,2.5,21,0.2,4,2.0,1.934820884738831,2,0,0.0005,0,1,0,0,1.6897996456194747e-15,2.811283865034409e-15,1.1282342527686632e-15,0.1382912452314872,0.5165849478235764,3.6363901003151384,0.13829124523148736,0.5165849478235766,3.6363901003151384,0.9750803501891242,0.9750803501891258,1.5940350291888751e-15,15,6,21.0,21.0,16384.0,0.0006732760011800565,0.0004821410038857721,0.004382829007226974,qiskit_statevector,0.003952559003664646,0.0004302700035623275,nan,nan,0.07418483099900186,0.026370240993855987,0.002578291001555044,0.17110336900077527
7,128,2.5,21,0.3,4,2.0,1.934820884738831,2,0,0.0005,0,1,0,0,4.852163063256539e-16,2.577754213137197e-15,1.9542567020356648e-15,0.13685579196645803,0.49864766998561577,1.8784911206819903,0.13685579196645808,0.4986476699856158,1.878491120681988,0.9750803501891242,0.9750803501891246,4.5543857976825e-16,15,6,21.0,21.0,16384.0,0.000754577005864121,0.0006474799956777133,0.004791822990227956,qiskit_statevector,0.004383372994197998,0.00040844999602995813,nan,nan,0.07203343900619075,0.012394243000017013,0.0025057239981833845,0.15633047899609664
7,128,2.5,21,0.4,4,2.0,1.934820884738831,2,0,0.0005,0,1,0,0,1.647011962608499e-15,3.682486754847539e-15,1.6286802279808766e-15,0.11465093742110471,0.5626279385265232,0.7389384360176278,0.11465093742110509,0.5626279385265234,0.738938436017628,0.9750803501891242,0.9750803501891258,1.5940350291888751e-15,15,6,21.0,21.0,16384.0,0.0007184250061982311,0.0006122000049799681,0.0045011019974481314,qiskit_statevector,0.004052471995237283,0.00044863000221084803,nan,nan,0.0743920549939503,0.015111059001355898,0.0031598049972672015,0.15980536399729317
7,128,2.5,21,0.5,4,2.0,1.934820884738831,2,0,0.0005,0,1,0,0,1.6035172824159752e-15,3.0979963159916953e-15,1.8133362501764176e-15,0.11941330083120022,0.5983968149584468,0.46146995389748025,0.1194133008312006,0.5983968149584469,0.4614699538974806,0.9750803501891242,0.9750803501891258,1.5940350291888751e-15,15,6,21.0,21.0,16384.0,0.000611985000432469,0.0004013090001535602,0.005199265004193876,qiskit_statevector,0.004585875001794193,0.000613390002399683,nan,nan,0.07544775099813705,0.01573979800014058,0.004057313002704177,0.1690680949977832
7,128,2.5,21,0.6,4,2.0,1.934820884738831,2,0,0.0005,0,1,0,0,7.119156590134491e-16,2.8227899336231883e-15,2.5600902454738823e-15,0.15927649981135497,0.583223873391763,0.49750264980296466,0.15927649981135508,0.5832238733917631,0.49750264980296294,0.9750803501891242,0.9750803501891251,9.108771595365e-16,15,6,21.0,21.0,16384.0,0.0007420370020554401,0.0006196219983394258,0.004579027998261154,qiskit_statevector,0.004119126999285072,0.0004599009989760816,nan,nan,0.07482900700415485,0.01573848899715813,0.01145182899927022,0.17891812099696836
7,128,2.5,21,0.7,4,2.0,1.934820884738831,2,0,0.0005,0,1,0,0,1.3941848634478071e-15,3.8056864348449545e-15,2.2589889073486636e-15,0.1914054241350532,0.5652002009438594,0.520488911980025,0.19140542413505332,0.5652002009438595,0.5204889119800256,0.9750803501891242,0.9750803501891256,1.4801753842468125e-15,15,6,21.0,21.0,16384.0,0.0007038059993647039,0.00041766900540096685,0.005152958998223767,qiskit_statevector,0.004700528996181674,0.0004524300020420924,nan,nan,0.07330251099483576,0.015826251998078078,0.0024898269984987564,0.15918024100392358
7,128,2.5,21,0.8,4,2.0,1.934820884738831,2,0,0.0005,0,1,0,0,1.8199872843426725e-15,3.271223802586006e-15,2.4641202767333395e-15,0.1998186844643746,0.617652379472769,0.7116057551140208,0.19981868446437479,0.6176523794727692,0.7116057551140214,0.9750803501891242,0.975080350189126,1.821754319073e-15,15,6,21.0,21.0,16384.0,0.0005778839986305684,0.0004207189995213412,0.006376080003974494,qiskit_statevector,0.005684034003934357,0.0006920460000401363,nan,nan,0.07397165000293171,0.012691060997894965,0.09352139200200327,0.259812422998948
7,128,2.5,21,0.9,4,2.0,1.934820884738831,2,0,0.0005,0,1,0,0,4.1349618755346195e-16,4.184932055177682e-15,2.865939435376436e-15,0.19192528136314818,0.6917745585725742,0.7757736679452417,0.1919252813631482,0.6917745585725742,0.7757736679452425,0.9750803501891242,0.9750803501891244,2.27719289884125e-16,15,6,21.0,21.0,16384.0,0.0006585249939234927,0.00048090099880937487,0.007363182005065028,qiskit_statevector,0.006746318002115004,0.0006168640029500239,nan,nan,0.08612529399397317,0.013117604998114984,0.10837181899842108,0.2957540819988935
7,128,2.5,21,1.0,4,2.0,1.934820884738831,2,0,0.0005,0,1,0,0,1.0469045102945598e-15,3.4645745235222507e-15,3.3828920783813017e-15,0.18106652623127414,0.7460810563641903,0.756520490706101,0.18106652623127403,0.7460810563641901,0.7565204907061013,0.9750803501891242,0.9750803501891236,5.692982247103126e-16,15,6,21.0,21.0,16384.0,0.0006611649951082654,0.0006800259943702258,0.006981017999351025,qiskit_statevector,0.006464436002715956,0.0005165819966350682,nan,nan,0.0850177780012018,0.01453042199864285,0.006268923003517557,0.1895696629944723
