code_name,decoder_name,p,num_repeats,shots_per_repeat,num_shots,num_failures,num_failures_total,logical_error_rate,ler_mean,ler_std,ler_ci_low,ler_ci_high,avg_latency_ms_per_shot,avg_latency_mean,avg_latency_std,p50_latency_ms_per_shot,p50_latency_mean,p50_latency_std,p95_latency_ms_per_shot,p95_latency_mean,p95_latency_std,p99_latency_ms_per_shot,p99_latency_mean,p99_latency_std,avg_bp_iterations_mean,avg_bp_iterations_std,p95_bp_iterations_mean,p95_bp_iterations_std,bp_converged_fraction_mean,bp_converged_fraction_std,syndrome_avg_weight_mean,syndrome_avg_weight_std,syndrome_p95_weight_mean,syndrome_p95_weight_std,syndrome_avg_relative_weight_mean,syndrome_avg_relative_weight_std,syndrome_p95_relative_weight_mean,syndrome_p95_relative_weight_std,noise_model,n,k,d,mx_rows,mx_cols,mz_rows,mz_cols,mx_density,mz_density,mx_row_weight_mean,mz_row_weight_mean,seed_base,code_file,ci_method
bb_n72_k12,BP-OSD,0.01,5,1000,5000,2,2,0.0004,0.0004,0.0005477225575051661,0.00010970128207763504,0.0014573865014234437,0.016570420006246422,0.016570420006246422,0.003760601338724204,0.011929999891435727,0.011929999891435727,0.0013727715845899666,0.029873000330553613,0.029873000330553613,0.0048888810764903005,0.07763599971440269,0.07763599971440269,0.04472362073673126,1.145,0.042573465914815985,2.0,0.0,0.9992000000000001,0.00044721359549995833,2.0143999999999997,0.07834411273350414,6.0,0.0,0.05595555555555556,0.0021762253537084488,0.16666666666666666,0.0,independent_z_only,72,12,6.0,36,72,36,72,0.08333333333333333,0.08333333333333333,6.0,6.0,7,bbcode_n72_k12.npz,wilson_95
bb_n72_k12,BP-LSD,0.01,5,1000,5000,2,2,0.0004,0.0004,0.0005477225575051661,0.00010970128207763504,0.0014573865014234437,0.02325334019551519,0.02325334019551519,0.006550726172028864,0.01771000006556278,0.01771000006556278,0.005939529346594571,0.03733300058229358,0.03733300058229358,0.014699736348188325,0.11718340020161114,0.11718340020161114,0.06307434141170956,1.0810000000000002,0.01910497317454281,1.2,0.4472135954999579,0.9992000000000001,0.00044721359549995833,2.0143999999999997,0.07834411273350414,6.0,0.0,0.05595555555555556,0.0021762253537084488,0.16666666666666666,0.0,independent_z_only,72,12,6.0,36,72,36,72,0.08333333333333333,0.08333333333333333,6.0,6.0,7,bbcode_n72_k12.npz,wilson_95
bb_n72_k12,BP-OSD,0.02,5,1000,5000,71,71,0.014199999999999999,0.014199999999999999,0.002949576240750525,0.011273607305690402,0.017872291904127105,0.02036957999225706,0.02036957999225706,0.00701600601285806,0.01421999986632727,0.01421999986632727,0.004633788906853759,0.035309999802848296,0.035309999802848296,0.012855368421102312,0.15856300039013144,0.15856300039013144,0.06878360971051893,1.8374,0.24165326399616452,3.0,0.7071067811865476,0.9874,0.005683308895353133,3.9206000000000003,0.04710944703560005,9.0,0.0,0.10890555555555555,0.0013085957509888905,0.25,0.0,independent_z_only,72,12,6.0,36,72,36,72,0.08333333333333333,0.08333333333333333,6.0,6.0,1007,bbcode_n72_k12.npz,wilson_95
bb_n72_k12,BP-LSD,0.02,5,1000,5000,71,71,0.014199999999999999,0.014199999999999999,0.0035637059362410924,0.011273607305690402,0.017872291904127105,0.026098560002355952,0.026098560002355952,0.006724724466998999,0.016680000044289045,0.016680000044289045,0.0052945258696137434,0.038304999925458064,0.038304999925458064,0.00916792116429887,0.2206341996097761,0.2206341996097761,0.061727390583947724,1.6316000000000002,0.13525457478399763,2.2,0.4472135954999579,0.9874,0.005683308895353133,3.9206000000000003,0.04710944703560005,9.0,0.0,0.10890555555555555,0.0013085957509888905,0.25,0.0,independent_z_only,72,12,6.0,36,72,36,72,0.08333333333333333,0.08333333333333333,6.0,6.0,1007,bbcode_n72_k12.npz,wilson_95
bb_n72_k12,BP-OSD,0.03,5,1000,5000,199,199,0.0398,0.0398,0.0049193495504995365,0.034725287113523226,0.045581305756707366,0.020929100209468744,0.020929100209468744,0.0030477497828833157,0.013360000230022706,0.013360000230022706,0.0016226522980396713,0.0587490000907564,0.0587490000907564,0.02103242111021408,0.1643880000556237,0.1643880000556237,0.02464687935105554,3.0553999999999997,0.14669798907960532,17.289999999999917,8.307331099697487,0.9606,0.005504543577809159,5.5892,0.1805081715601817,12.0,0.0,0.15525555555555554,0.005014115876671709,0.3333333333333333,0.0,independent_z_only,72,12,6.0,36,72,36,72,0.08333333333333333,0.08333333333333333,6.0,6.0,2007,bbcode_n72_k12.npz,wilson_95
bb_n72_k12,BP-LSD,0.03,5,1000,5000,198,198,0.0396,0.0396,0.004615192303685729,0.03453846664891083,0.04536843330209778,0.02276726000782219,0.02276726000782219,0.0013725036768256957,0.01258000047528185,0.01258000047528185,0.000725947646695652,0.04902899981971119,0.04902899981971119,0.008721412516417209,0.24806259991964902,0.24806259991964902,0.03822661538261005,2.8028,0.15775835952493933,11.689999999999918,4.989539056866822,0.9606,0.005504543577809159,5.5892,0.1805081715601817,12.0,0.0,0.15525555555555554,0.005014115876671709,0.3333333333333333,0.0,independent_z_only,72,12,6.0,36,72,36,72,0.08333333333333333,0.08333333333333333,6.0,6.0,2007,bbcode_n72_k12.npz,wilson_95
bb_n72_k12,BP-OSD,0.05,5,1000,5000,830,830,0.166,0.166,0.006204836822995423,0.15594382424756215,0.17656900065173609,0.04393190001173934,0.04393190001173934,0.007637893922880959,0.02184000022680266,0.02184000022680266,0.0034916686462977973,0.1563339998392621,0.1563339998392621,0.020219702948279586,0.24598099987269956,0.24598099987269956,0.03510465630720745,6.8862,0.2373598533872147,30.0,0.0,0.8577999999999999,0.005890670590009261,8.5176,0.14002249819225482,15.0,0.0,0.23659999999999998,0.0038895138386737483,0.4166666666666667,0.0,independent_z_only,72,12,6.0,36,72,36,72,0.08333333333333333,0.08333333333333333,6.0,6.0,3007,bbcode_n72_k12.npz,wilson_95
bb_n72_k12,BP-LSD,0.05,5,1000,5000,834,834,0.1668,0.1668,0.005932958789676525,0.15672337701155417,0.17738821956463194,0.06931262038669957,0.06931262038669957,0.03963452375938852,0.022110000281827524,0.022110000281827524,0.005061175668485051,0.2416600006654333,0.2416600006654333,0.06896875294554296,0.6180081993625206,0.6180081993625206,0.5600198657575218,6.741,0.21707717521655726,30.0,0.0,0.8577999999999999,0.005890670590009261,8.5176,0.14002249819225482,15.0,0.0,0.23659999999999998,0.0038895138386737483,0.4166666666666667,0.0,independent_z_only,72,12,6.0,36,72,36,72,0.08333333333333333,0.08333333333333333,6.0,6.0,3007,bbcode_n72_k12.npz,wilson_95
bb_n96_k10,BP-OSD,0.01,5,1000,5000,1,1,0.0002,0.0002,0.00044721359549995795,3.530578343936526e-05,0.0011320890808397363,0.019198399994274952,0.019198399994274952,0.0029836160155233874,0.015980000171111897,0.015980000171111897,0.0014618473996411963,0.03536600001098122,0.03536600001098122,0.005336277210063808,0.07111480011371892,0.07111480011371892,0.021332966846286047,1.232,0.022494443758404006,2.0,0.0,0.9998000000000001,0.00044721359549995833,3.6944000000000004,0.13397313163466776,10.0,0.0,0.07696666666666666,0.002791106909055578,0.20833333333333334,0.0,independent_z_only,96,10,,48,96,48,96,0.08333333333333333,0.08333333333333333,8.0,8.0,100007,bbcode_n96_k10.npz,wilson_95
bb_n96_k10,BP-LSD,0.01,5,1000,5000,1,1,0.0002,0.0002,0.00044721359549995795,3.530578343936526e-05,0.0011320890808397363,0.023040680210033315,0.023040680210033315,0.0030785863408802957,0.018390000150247943,0.018390000150247943,0.003799737154490131,0.03685699990455756,0.03685699990455756,0.005674636678381818,0.08315959976243896,0.08315959976243896,0.025191946715044863,1.1492,0.014237275020171478,2.0,0.0,0.9998000000000001,0.00044721359549995833,3.6944000000000004,0.13397313163466776,10.0,0.0,0.07696666666666666,0.002791106909055578,0.20833333333333334,0.0,independent_z_only,96,10,,48,96,48,96,0.08333333333333333,0.08333333333333333,8.0,8.0,100007,bbcode_n96_k10.npz,wilson_95
bb_n96_k10,BP-OSD,0.02,5,1000,5000,10,10,0.002,0.002,0.002,0.0010867468609438854,0.0036778842763330113,0.024558980006258935,0.024558980006258935,0.0029672791462828064,0.019350000366102904,0.019350000366102904,0.002651414809066122,0.04083799978616297,0.04083799978616297,0.005265069787466982,0.12865079943003357,0.12865079943003357,0.07658613483823301,1.7893999999999999,0.07179345374057441,3.8,0.44721359549995787,0.9964000000000001,0.0018165902124584966,6.6604,0.15807846153097518,14.0,0.0,0.13875833333333334,0.0032933012818953215,0.2916666666666667,0.0,independent_z_only,96,10,,48,96,48,96,0.08333333333333333,0.08333333333333333,8.0,8.0,101007,bbcode_n96_k10.npz,wilson_95
bb_n96_k10,BP-LSD,0.02,5,1000,5000,10,10,0.002,0.002,0.002,0.0010867468609438854,0.0036778842763330113,0.02475714000320295,0.02475714000320295,0.005835587779954543,0.018459999955666717,0.018459999955666717,0.004545244862206558,0.039251000125659616,0.039251000125659616,0.008114619809080379,0.10853960026361156,0.10853960026361156,0.054640402637744244,1.685,0.055506756345511686,3.4,0.5477225575051661,0.9964000000000001,0.0018165902124584966,6.6604,0.15807846153097518,14.0,0.0,0.13875833333333334,0.0032933012818953215,0.2916666666666667,0.0,independent_z_only,96,10,,48,96,48,96,0.08333333333333333,0.08333333333333333,8.0,8.0,101007,bbcode_n96_k10.npz,wilson_95
bb_n96_k10,BP-OSD,0.03,5,1000,5000,76,76,0.0152,0.0152,0.005540758070878026,0.012161871202107252,0.01898249260382014,0.030705940002007992,0.030705940002007992,0.005623424774756155,0.019330000031914096,0.019330000031914096,0.004349942120483516,0.05197600037718072,0.05197600037718072,0.007906319862205843,0.35292359926825156,0.35292359926825156,0.039808391285332326,3.089,0.15608010763707209,8.20999999999999,1.0818964830333937,0.9747999999999999,0.00661059755241537,9.255599999999998,0.05050544525098264,16.41999999999998,0.8843076387773741,0.192825,0.0010521967760621397,0.3420833333333329,0.01842307580786197,independent_z_only,96,10,,48,96,48,96,0.08333333333333333,0.08333333333333333,8.0,8.0,102007,bbcode_n96_k10.npz,wilson_95
bb_n96_k10,BP-LSD,0.03,5,1000,5000,76,76,0.0152,0.0152,0.005540758070878026,0.012161871202107252,0.01898249260382014,0.040887200189899886,0.040887200189899886,0.010878047405817534,0.01990000000660075,0.01990000000660075,0.0031648461282535014,0.05683100029273188,0.05683100029273188,0.008460327230928476,0.48285999991639966,0.48285999991639966,0.03151523683974561,2.9698,0.14131418895496653,7.6,0.5477225575051661,0.9747999999999999,0.00661059755241537,9.255599999999998,0.05050544525098264,16.41999999999998,0.8843076387773741,0.192825,0.0010521967760621397,0.3420833333333329,0.01842307580786197,independent_z_only,96,10,,48,96,48,96,0.08333333333333333,0.08333333333333333,8.0,8.0,102007,bbcode_n96_k10.npz,wilson_95
bb_n96_k10,BP-OSD,0.05,5,1000,5000,654,654,0.1308,0.1308,0.01008464178838297,0.12173670276404243,0.1404301683521878,0.08957270018872805,0.08957270018872805,0.006597235691786285,0.028450000172597356,0.028450000172597356,0.0016473466933215662,0.3830019995257315,0.3830019995257315,0.02116723900655585,0.5076695994684995,0.5076695994684995,0.04146275703899368,9.0456,0.4504678678884881,30.0,0.0,0.8136000000000001,0.012660963628413078,13.737200000000001,0.1340641637425899,21.619999999999983,0.8497058314499608,0.2861916666666666,0.0027930034113039467,0.4504166666666663,0.017702204821874165,independent_z_only,96,10,,48,96,48,96,0.08333333333333333,0.08333333333333333,8.0,8.0,103007,bbcode_n96_k10.npz,wilson_95
bb_n96_k10,BP-LSD,0.05,5,1000,5000,654,654,0.1308,0.1308,0.01008464178838297,0.12173670276404243,0.1404301683521878,0.11635464040336956,0.11635464040336956,0.015783921369074545,0.03131000012217555,0.03131000012217555,0.004196188496200836,0.5233479998787515,0.5233479998787515,0.06911763908001971,0.7324035997662575,0.7324035997662575,0.1485330080883565,8.985800000000001,0.42552520489390555,30.0,0.0,0.8136000000000001,0.012660963628413078,13.737200000000001,0.1340641637425899,21.619999999999983,0.8497058314499608,0.2861916666666666,0.0027930034113039467,0.4504166666666663,0.017702204821874165,independent_z_only,96,10,,48,96,48,96,0.08333333333333333,0.08333333333333333,8.0,8.0,103007,bbcode_n96_k10.npz,wilson_95
bb_n144_k12,BP-OSD,0.01,5,1000,5000,3,3,0.0006000000000000001,0.0006000000000000001,0.0008944271909999159,0.00020407465419434642,0.001762706048528709,0.026461800004108228,0.026461800004108228,0.002554881175582978,0.019950000023527537,0.019950000023527537,0.0011565037814607294,0.045645000118383905,0.045645000118383905,0.0039885511719763116,0.10963799999444743,0.10963799999444743,0.019431285725269167,1.1960000000000002,0.03687139812917332,2.0,0.0,0.9986,0.001140175425099139,4.0968,0.11593834568424724,9.8,0.4472135954999579,0.05689999999999999,0.001610254801170099,0.13611111111111113,0.006211299937499418,independent_z_only,144,12,12.0,72,144,72,144,0.041666666666666664,0.041666666666666664,6.0,6.0,200007,bbcode_n144_k12.npz,wilson_95
bb_n144_k12,BP-LSD,0.01,5,1000,5000,3,3,0.0006000000000000001,0.0006000000000000001,0.0008944271909999159,0.00020407465419434642,0.001762706048528709,0.03411189999642374,0.03411189999642374,0.006276144024293555,0.027659999977913685,0.027659999977913685,0.006140683718813625,0.050458000259823145,0.050458000259823145,0.008846683717040709,0.1327926000813021,0.1327926000813021,0.09160131859016754,1.152,0.03392639090737477,2.0,0.0,0.9986,0.001140175425099139,4.0968,0.11593834568424724,9.8,0.4472135954999579,0.05689999999999999,0.001610254801170099,0.13611111111111113,0.006211299937499418,independent_z_only,144,12,12.0,72,144,72,144,0.041666666666666664,0.041666666666666664,6.0,6.0,200007,bbcode_n144_k12.npz,wilson_95
bb_n144_k12,BP-OSD,0.02,5,1000,5000,21,21,0.004200000000000001,0.004200000000000001,0.0013038404810405298,0.002748774410314672,0.006412478838403972,0.030183730396674945,0.030183730396674945,0.0025523982489078357,0.022330000319925603,0.022330000319925603,0.0021993183579340886,0.048230999746010625,0.048230999746010625,0.003696892917091772,0.19333780022498095,0.19333780022498095,0.051083900920646824,1.759,0.06850547423381584,3.4,0.5477225575051661,0.9914,0.002073644135332774,7.847799999999999,0.16793064044420242,15.2,0.4472135954999579,0.10899722222222222,0.0023323700061694762,0.2111111111111111,0.006211299937499406,independent_z_only,144,12,12.0,72,144,72,144,0.041666666666666664,0.041666666666666664,6.0,6.0,201007,bbcode_n144_k12.npz,wilson_95
bb_n144_k12,BP-LSD,0.02,5,1000,5000,21,21,0.004200000000000001,0.004200000000000001,0.0013038404810405298,0.002748774410314672,0.006412478838403972,0.03514941400899261,0.03514941400899261,0.0030100049402367822,0.024879999728000257,0.024879999728000257,0.004336848256524526,0.052252000477892566,0.052252000477892566,0.004319330891015091,0.24780859759994164,0.24780859759994164,0.08684372453795046,1.7149999999999999,0.07678541528180988,3.4,0.5477225575051661,0.9914,0.002073644135332774,7.847799999999999,0.16793064044420242,15.2,0.4472135954999579,0.10899722222222222,0.0023323700061694762,0.2111111111111111,0.006211299937499406,independent_z_only,144,12,12.0,72,144,72,144,0.041666666666666664,0.041666666666666664,6.0,6.0,201007,bbcode_n144_k12.npz,wilson_95
bb_n144_k12,BP-OSD,0.03,5,1000,5000,38,38,0.007600000000000001,0.007600000000000001,0.0027018512172212587,0.0055422231900968295,0.010413809685395427,0.034438679400409455,0.034438679400409455,0.0024999799829329905,0.023260000125446822,0.023260000125446822,0.001923343982592764,0.0563670100927993,0.0563670100927993,0.005935904013909935,0.2815017981556592,0.2815017981556592,0.029521083197698583,2.7729999999999997,0.1466526508454587,6.2,0.8366600265340756,0.977,0.003937003937005909,11.1414,0.097125176962516,19.2,0.4472135954999579,0.1547416666666667,0.0013489607911460549,0.26666666666666666,0.006211299937499418,independent_z_only,144,12,12.0,72,144,72,144,0.041666666666666664,0.041666666666666664,6.0,6.0,202007,bbcode_n144_k12.npz,wilson_95
bb_n144_k12,BP-LSD,0.03,5,1000,5000,38,38,0.007600000000000001,0.007600000000000001,0.0027018512172212587,0.0055422231900968295,0.010413809685395427,0.03959158599936927,0.03959158599936927,0.0022190401551466393,0.023560100089525804,0.023560100089525804,0.0010686192446139212,0.059282000183884465,0.059282000183884465,0.009253068369322303,0.4808597999945049,0.4808597999945049,0.04357943090757367,2.7464,0.14613965923047734,6.2,0.8366600265340756,0.977,0.003937003937005909,11.1414,0.097125176962516,19.2,0.4472135954999579,0.1547416666666667,0.0013489607911460549,0.26666666666666666,0.006211299937499418,independent_z_only,144,12,12.0,72,144,72,144,0.041666666666666664,0.041666666666666664,6.0,6.0,202007,bbcode_n144_k12.npz,wilson_95
bb_n144_k12,BP-OSD,0.05,5,1000,5000,286,286,0.057199999999999994,0.057199999999999994,0.008757853618324528,0.0510966231678006,0.063983253674742,0.07174474580715469,0.07174474580715469,0.003632700928895675,0.036049999653187115,0.036049999653187115,0.0023669601594303513,0.279242389515275,0.279242389515275,0.018881520948830194,0.41039599798750703,0.41039599798750703,0.03827509318640969,7.8828000000000005,0.399560633696564,30.0,0.0,0.861,0.011704699910719636,16.7932,0.19896029754702255,25.20999999999999,0.442153819388687,0.23323888888888886,0.0027633374659308692,0.35013888888888883,0.00614102526928732,independent_z_only,144,12,12.0,72,144,72,144,0.041666666666666664,0.041666666666666664,6.0,6.0,203007,bbcode_n144_k12.npz,wilson_95
bb_n144_k12,BP-LSD,0.05,5,1000,5000,286,286,0.057199999999999994,0.057199999999999994,0.008757853618324528,0.0510966231678006,0.063983253674742,0.09812468181771691,0.09812468181771691,0.00429898657242783,0.036650100082624704,0.036650100082624704,0.0030066922374793158,0.4966674000570491,0.4966674000570491,0.03251722477291825,0.7593609995383301,0.7593609995383301,0.05006336818075938,7.8812,0.39753515567808584,30.0,0.0,0.861,0.011704699910719636,16.7932,0.19896029754702255,25.20999999999999,0.442153819388687,0.23323888888888886,0.0027633374659308692,0.35013888888888883,0.00614102526928732,independent_z_only,144,12,12.0,72,144,72,144,0.041666666666666664,0.041666666666666664,6.0,6.0,203007,bbcode_n144_k12.npz,wilson_95
bb_n64_k10,BP-OSD,0.01,5,1000,5000,4,4,0.0008,0.0008,0.0008366600265340756,0.00031114697610156263,0.0020553266458434704,0.009234344986543875,0.009234344986543875,0.0008239227885589207,0.007189999996626284,0.007189999996626284,0.0011986448038119896,0.019243000588176074,0.019243000588176074,0.0016941689110622988,0.034407999493851066,0.034407999493851066,0.008844321943361325,1.5292,0.11851877488398202,2.8199999999999816,0.4309872387902132,0.9982000000000001,0.00044721359549995833,2.384,0.07771743691090185,8.0,0.0,0.0745,0.002428669903465683,0.25,0.0,independent_z_only,64,10,,32,64,32,64,0.125,0.125,8.0,8.0,300007,bbcode_n64_k10.npz,wilson_95
bb_n64_k10,BP-LSD,0.01,5,1000,5000,4,4,0.0008,0.0008,0.0008366600265340756,0.00031114697610156263,0.0020553266458434704,0.013822828784759622,0.013822828784759622,0.0014925263322870244,0.010469999688211828,0.010469999688211828,0.0012882159130604386,0.021084999370941652,0.021084999370941652,0.0021962581370133967,0.04241420016478513,0.04241420016478513,0.010624195660737417,1.2440000000000002,0.027559027559041313,2.0,0.0,0.9982000000000001,0.00044721359549995833,2.384,0.07771743691090185,8.0,0.0,0.0745,0.002428669903465683,0.25,0.0,independent_z_only,64,10,,32,64,32,64,0.125,0.125,8.0,8.0,300007,bbcode_n64_k10.npz,wilson_95
bb_n64_k10,BP-OSD,0.02,5,1000,5000,50,50,0.01,0.01,0.001870828693386971,0.007593772813946567,0.013158575092209418,0.013906849399427301,0.013906849399427301,0.0021013809330984066,0.010500000644242391,0.010500000644242391,0.0020736442013694458,0.027037000181735476,0.027037000181735476,0.00451433611447006,0.13393959836685093,0.13393959836685093,0.021200534746249187,2.4261999999999997,0.1474218437003147,6.819999999999982,0.4309872387902132,0.9852000000000001,0.002167948338867882,4.3316,0.16669373113587665,10.419999999999982,0.884307638777374,0.1353625,0.0052091790979961455,0.32562499999999944,0.027634613711792936,independent_z_only,64,10,,32,64,32,64,0.125,0.125,8.0,8.0,301007,bbcode_n64_k10.npz,wilson_95
bb_n64_k10,BP-LSD,0.02,5,1000,5000,50,50,0.01,0.01,0.001870828693386971,0.007593772813946567,0.013158575092209418,0.01662931078899419,0.01662931078899419,0.0016195765805836813,0.01080999991245335,0.01080999991245335,0.0010310184015786686,0.026802000538737027,0.026802000538737027,0.0026547426975585897,0.18206359746545772,0.18206359746545772,0.04260234967909561,2.0712,0.08041268556639555,5.219999999999982,0.815935046434476,0.9852000000000001,0.002167948338867882,4.3316,0.16669373113587665,10.419999999999982,0.884307638777374,0.1353625,0.0052091790979961455,0.32562499999999944,0.027634613711792936,independent_z_only,64,10,,32,64,32,64,0.125,0.125,8.0,8.0,301007,bbcode_n64_k10.npz,wilson_95
bb_n64_k10,BP-OSD,0.03,5,1000,5000,177,177,0.0354,0.0354,0.003781534080237806,0.030624246822118124,0.04088910182522896,0.029750521195455803,0.029750521195455803,0.012700463854124742,0.014540200027113315,0.014540200027113315,0.004502607838578818,0.11780119049944904,0.11780119049944904,0.04953061176476397,0.21750659999088384,0.21750659999088384,0.0660284651591022,4.2362,0.2743842196628662,27.6,5.366563145999495,0.9480000000000001,0.007905694150420957,6.176,0.13349157276772178,12.0,0.0,0.193,0.0041716116489913056,0.375,0.0,independent_z_only,64,10,,32,64,32,64,0.125,0.125,8.0,8.0,302007,bbcode_n64_k10.npz,wilson_95
bb_n64_k10,BP-LSD,0.03,5,1000,5000,177,177,0.0354,0.0354,0.003781534080237806,0.030624246822118124,0.04088910182522896,0.03510876280051889,0.03510876280051889,0.011342829657761188,0.016870000217750203,0.016870000217750203,0.0033759440815210925,0.14864501012198145,0.14864501012198145,0.06804659042620817,0.332563199695869,0.332563199695869,0.09724149594102434,3.7754,0.2185447322632142,26.6,7.602631123499286,0.9480000000000001,0.007905694150420957,6.176,0.13349157276772178,12.0,0.0,0.193,0.0041716116489913056,0.375,0.0,independent_z_only,64,10,,32,64,32,64,0.125,0.125,8.0,8.0,302007,bbcode_n64_k10.npz,wilson_95
bb_n64_k10,BP-OSD,0.05,5,1000,5000,839,839,0.1678,0.1678,0.012194260945215168,0.15769793803341903,0.178412123138877,0.06251099918663386,0.06251099918663386,0.013191757113639698,0.022470000112662092,0.022470000112662092,0.003187985275440526,0.2209690001654962,0.2209690001654962,0.03548127194839839,0.3846129997218667,0.3846129997218667,0.25193340614484067,9.7324,0.46211989786201607,30.0,0.0,0.7874000000000001,0.01867618804788602,9.118400000000001,0.16606866049920438,16.0,0.0,0.28495000000000004,0.005189645640600137,0.5,0.0,independent_z_only,64,10,,32,64,32,64,0.125,0.125,8.0,8.0,303007,bbcode_n64_k10.npz,wilson_95
bb_n64_k10,BP-LSD,0.05,5,1000,5000,840,840,0.16799999999999998,0.16799999999999998,0.011979148550710937,0.15789286617041443,0.17861688792110358,0.0735591844029841,0.0735591844029841,0.013620713285584013,0.022169999829202425,0.022169999829202425,0.0034838195361703763,0.2880540096884942,0.2880540096884942,0.04956361143460825,0.4460663982172262,0.4460663982172262,0.14965960795988387,9.368599999999999,0.50315484694078,30.0,0.0,0.7874000000000001,0.01867618804788602,9.118400000000001,0.16606866049920438,16.0,0.0,0.28495000000000004,0.005189645640600137,0.5,0.0,independent_z_only,64,10,,32,64,32,64,0.125,0.125,8.0,8.0,303007,bbcode_n64_k10.npz,wilson_95
bb_n80_k6,BP-OSD,0.01,5,1000,5000,1,1,0.0002,0.0002,0.00044721359549995795,3.530578343936526e-05,0.0011320890808397363,0.013221428608085261,0.013221428608085261,0.0014994396578507285,0.011819999781437218,0.011819999781437218,0.0004549718530778109,0.026067000126204214,0.026067000126204214,0.00154772627959167,0.04368659972897149,0.04368659972897149,0.00784155785109811,1.3332,0.051591665993646674,2.4,0.5477225575051661,0.999,0.0007071067811865482,2.9432,0.05066754385205573,8.0,0.0,0.07358,0.0012666885963013947,0.2,0.0,independent_z_only,80,6,,40,80,40,80,0.1,0.1,8.0,8.0,400007,bbcode_n80_k6.npz,wilson_95
bb_n80_k6,BP-LSD,0.01,5,1000,5000,1,1,0.0002,0.0002,0.00044721359549995795,3.530578343936526e-05,0.0011320890808397363,0.017434508595397347,0.017434508595397347,0.0008671139365831077,0.01280999949813122,0.01280999949813122,0.0003435108780997068,0.026428000692249036,0.026428000692249036,0.0006809237011638162,0.05821780017140545,0.05821780017140545,0.015483004330733404,1.1896,0.020803845798313368,2.0,0.0,0.999,0.0007071067811865482,2.9432,0.05066754385205573,8.0,0.0,0.07358,0.0012666885963013947,0.2,0.0,independent_z_only,80,6,,40,80,40,80,0.1,0.1,8.0,8.0,400007,bbcode_n80_k6.npz,wilson_95
bb_n80_k6,BP-OSD,0.02,5,1000,5000,11,11,0.0022,0.0022,0.0008366600265340755,0.001228915407138813,0.003935408649360061,0.01736289121072332,0.01736289121072332,0.0015593499130578457,0.01311999985773582,0.01311999985773582,0.0013179526425139106,0.030995999804872543,0.030995999804872543,0.002829936976178878,0.09219300034601471,0.09219300034601471,0.033512828369634616,2.0306,0.10296261457441724,5.0,0.7071067811865476,0.994,0.0014142135623730963,5.5804,0.10591883685161975,12.0,0.0,0.13951,0.0026479709212904935,0.3,0.0,independent_z_only,80,6,,40,80,40,80,0.1,0.1,8.0,8.0,401007,bbcode_n80_k6.npz,wilson_95
bb_n80_k6,BP-LSD,0.02,5,1000,5000,11,11,0.0022,0.0022,0.0008366600265340755,0.001228915407138813,0.003935408649360061,0.019337372612426407,0.019337372612426407,0.001631011296557224,0.013760000001639128,0.013760000001639128,0.0009044333116632923,0.03118699985861894,0.03118699985861894,0.002449981702192941,0.08111360010298066,0.08111360010298066,0.027578249959394445,1.8308,0.07111750839280015,4.2,0.44721359549995787,0.994,0.0014142135623730963,5.5804,0.10591883685161975,12.0,0.0,0.13951,0.0026479709212904935,0.3,0.0,independent_z_only,80,6,,40,80,40,80,0.1,0.1,8.0,8.0,401007,bbcode_n80_k6.npz,wilson_95
bb_n80_k6,BP-OSD,0.03,5,1000,5000,86,86,0.0172,0.0172,0.00454972526643093,0.013949219247445802,0.021192073750701364,0.02828177699484513,0.02828177699484513,0.004348243317282339,0.01759999995556427,0.01759999995556427,0.0028833576363125283,0.06593638019694473,0.06593638019694473,0.02462271907111631,0.2814143973700993,0.2814143973700993,0.04365537913496862,3.5775999999999994,0.19592549604377688,15.229999999999972,5.9633882986100835,0.9654,0.008532291603080625,7.773599999999999,0.07506530490179847,14.8,1.0954451150103324,0.19433999999999998,0.0018766326225449594,0.37,0.02738612787525833,independent_z_only,80,6,,40,80,40,80,0.1,0.1,8.0,8.0,402007,bbcode_n80_k6.npz,wilson_95
bb_n80_k6,BP-LSD,0.03,5,1000,5000,86,86,0.0172,0.0172,0.00454972526643093,0.013949219247445802,0.021192073750701364,0.03175835681504395,0.03175835681504395,0.004803046618759195,0.017300000035902485,0.017300000035902485,0.0035112314190839412,0.0633051905242609,0.0633051905242609,0.027299170155966376,0.392955999712285,0.392955999712285,0.0492844273109417,3.3622,0.18882187373289155,11.249999999999954,2.4957463813456626,0.9654,0.008532291603080625,7.773599999999999,0.07506530490179847,14.8,1.0954451150103324,0.19433999999999998,0.0018766326225449594,0.37,0.02738612787525833,independent_z_only,80,6,,40,80,40,80,0.1,0.1,8.0,8.0,402007,bbcode_n80_k6.npz,wilson_95
bb_n80_k6,BP-OSD,0.05,5,1000,5000,634,634,0.1268,0.1268,0.007085195833567347,0.11786244021208622,0.13631057251970444,0.0698854021866282,0.0698854021866282,0.0026801431838776348,0.023359999977401458,0.023359999977401458,0.0014660316806270747,0.2749061996655654,0.2749061996655654,0.010727596486234675,0.3682157999901391,0.3682157999901391,0.025941990734507578,9.4498,0.37690277260853383,30.0,0.0,0.7942,0.012457929201917918,11.363600000000002,0.03793151723830745,18.0,0.0,0.28409,0.0009482879309576914,0.45,0.0,independent_z_only,80,6,,40,80,40,80,0.1,0.1,8.0,8.0,403007,bbcode_n80_k6.npz,wilson_95
bb_n80_k6,BP-LSD,0.05,5,1000,5000,634,634,0.1268,0.1268,0.007085195833567347,0.11786244021208622,0.13631057251970444,0.09111215418997745,0.09111215418997745,0.0044182746799171614,0.023579999833600596,0.023579999833600596,0.001768332864190952,0.4005631898144202,0.4005631898144202,0.02958695703903131,0.5462893938893103,0.5462893938893103,0.037701263778346955,9.2934,0.33901740368305583,30.0,0.0,0.7942,0.012457929201917918,11.363600000000002,0.03793151723830745,18.0,0.0,0.28409,0.0009482879309576914,0.45,0.0,independent_z_only,80,6,,40,80,40,80,0.1,0.1,8.0,8.0,403007,bbcode_n80_k6.npz,wilson_95
bb_n108_k4,BP-OSD,0.01,5,1000,5000,7,7,0.0014,0.0014,0.001140175425099138,0.0006783326019524562,0.0028872197776585087,0.018844483613793272,0.018844483613793272,0.004198623871587283,0.015840000196476467,0.015840000196476467,0.0018822860776698295,0.03538500051945448,0.03538500051945448,0.006532307697553824,0.0769865995753207,0.0769865995753207,0.03718055634080725,1.2576,0.040333608814486145,2.0,0.0,0.9997999999999999,0.00044721359549995833,4.0684,0.16838883573443922,10.819999999999983,1.0779610382569644,0.07534074074074074,0.003118311772859985,0.20037037037037,0.01996224144920304,independent_z_only,108,4,,54,108,54,108,0.07407407407407407,0.07407407407407407,8.0,8.0,500007,bbcode_n108_k4.npz,wilson_95
bb_n108_k4,BP-LSD,0.01,5,1000,5000,7,7,0.0014,0.0014,0.001140175425099138,0.0006783326019524562,0.0028872197776585087,0.02441536380938487,0.02441536380938487,0.0057430582414085074,0.02046999943559058,0.02046999943559058,0.00690575833887866,0.03794200003540027,0.03794200003540027,0.008759556536503172,0.07684960001643042,0.07684960001643042,0.026700340740916255,1.1844000000000001,0.03620497203423862,2.0,0.0,0.9997999999999999,0.00044721359549995833,4.0684,0.16838883573443922,10.819999999999983,1.0779610382569644,0.07534074074074074,0.003118311772859985,0.20037037037037,0.01996224144920304,independent_z_only,108,4,,54,108,54,108,0.07407407407407407,0.07407407407407407,8.0,8.0,500007,bbcode_n108_k4.npz,wilson_95
bb_n108_k4,BP-OSD,0.02,5,1000,5000,18,18,0.0036000000000000003,0.0036000000000000003,0.001140175425099138,0.002278440754413015,0.005683733736639698,0.024363721594272646,0.024363721594272646,0.004382616772296028,0.020570000378938857,0.020570000378938857,0.0054602654294991625,0.04236599987052613,0.04236599987052613,0.006469824662709414,0.0730350007543165,0.0730350007543165,0.017718828107173904,1.7643999999999997,0.041343681500321215,4.0,0.0,0.9984,0.0008944271909999166,7.445599999999999,0.058024132910367496,16.0,0.0,0.1378814814814815,0.0010745209798216232,0.2962962962962963,0.0,independent_z_only,108,4,,54,108,54,108,0.07407407407407407,0.07407407407407407,8.0,8.0,501007,bbcode_n108_k4.npz,wilson_95
bb_n108_k4,BP-LSD,0.02,5,1000,5000,18,18,0.0036000000000000003,0.0036000000000000003,0.001140175425099138,0.002278440754413015,0.005683733736639698,0.02454234200376959,0.02454234200376959,0.0017777367027303746,0.018869999985327013,0.018869999985327013,0.0021724409606559743,0.04097200046089709,0.04097200046089709,0.0042670616710451395,0.09861179939616702,0.09861179939616702,0.031383890963873534,1.6648,0.031180121872757326,3.8099999999999907,0.42485291572498046,0.9984,0.0008944271909999166,7.445599999999999,0.058024132910367496,16.0,0.0,0.1378814814814815,0.0010745209798216232,0.2962962962962963,0.0,independent_z_only,108,4,,54,108,54,108,0.07407407407407407,0.07407407407407407,8.0,8.0,501007,bbcode_n108_k4.npz,wilson_95
bb_n108_k4,BP-OSD,0.03,5,1000,5000,109,109,0.021800000000000003,0.021800000000000003,0.00712039324756716,0.018104377913406702,0.026229852226845936,0.03403192201985803,0.03403192201985803,0.006339650178642125,0.022300000455288682,0.022300000455288682,0.004267757264994238,0.0617920002514438,0.0617920002514438,0.013093502806453718,0.35888920243814926,0.35888920243814926,0.08392922463304243,3.2038,0.18468270086827296,9.019999999999982,1.0003749297138542,0.9794,0.004037325847637273,10.6232,0.11219269138406453,18.439999999999962,0.873498712076916,0.19672592592592592,0.0020776424330382266,0.3414814814814807,0.016175902075498443,independent_z_only,108,4,,54,108,54,108,0.07407407407407407,0.07407407407407407,8.0,8.0,502007,bbcode_n108_k4.npz,wilson_95
bb_n108_k4,BP-LSD,0.03,5,1000,5000,109,109,0.021800000000000003,0.021800000000000003,0.00712039324756716,0.018104377913406702,0.026229852226845936,0.039946581793628866,0.039946581793628866,0.004348877184049101,0.023230000260809902,0.023230000260809902,0.0019266555209675163,0.06446200028221935,0.06446200028221935,0.004699716239326132,0.5586142008214662,0.5586142008214662,0.08221563729737265,3.1256,0.1867037760732224,8.8,1.0954451150103324,0.9794,0.004037325847637273,10.6232,0.11219269138406453,18.439999999999962,0.873498712076916,0.19672592592592592,0.0020776424330382266,0.3414814814814807,0.016175902075498443,independent_z_only,108,4,,54,108,54,108,0.07407407407407407,0.07407407407407407,8.0,8.0,502007,bbcode_n108_k4.npz,wilson_95
bb_n108_k4,BP-OSD,0.05,5,1000,5000,577,577,0.11539999999999999,0.11539999999999999,0.013885243966167827,0.10683769799549511,0.12455281834064283,0.08106444660843408,0.08106444660843408,0.006077306908946163,0.03026000013051089,0.03026000013051089,0.002246219549339476,0.3803501904440053,0.3803501904440053,0.025219298857988712,0.5290582017914858,0.5290582017914858,0.05703880582291485,8.469800000000001,0.39014702356932107,30.0,0.0,0.8493999999999999,0.01342758355028932,15.316400000000002,0.1588168756776181,23.6,0.8944271909999159,0.283637037037037,0.002941053253289227,0.437037037037037,0.01656346649999844,independent_z_only,108,4,,54,108,54,108,0.07407407407407407,0.07407407407407407,8.0,8.0,503007,bbcode_n108_k4.npz,wilson_95
bb_n108_k4,BP-LSD,0.05,5,1000,5000,577,577,0.11539999999999999,0.11539999999999999,0.013885243966167827,0.10683769799549511,0.12455281834064283,0.12651020920202427,0.12651020920202427,0.02597619462199027,0.03514000036375364,0.03514000036375364,0.0059322633765649235,0.6726031899597726,0.6726031899597726,0.12619733217855392,0.9852984003664457,0.9852984003664457,0.26193800115165655,8.4346,0.3788479906242078,30.0,0.0,0.8493999999999999,0.01342758355028932,15.316400000000002,0.1588168756776181,23.6,0.8944271909999159,0.283637037037037,0.002941053253289227,0.437037037037037,0.01656346649999844,independent_z_only,108,4,,54,108,54,108,0.07407407407407407,0.07407407407407407,8.0,8.0,503007,bbcode_n108_k4.npz,wilson_95
