code_name,p,decoder_name,repeat_id,seed,num_shots,num_failures,logical_error_rate,ler_ci_low,ler_ci_high,avg_latency_ms_per_shot,p50_latency_ms_per_shot,p95_latency_ms_per_shot,p99_latency_ms_per_shot,avg_bp_iterations_per_shot,p95_bp_iterations_per_shot,bp_converged_fraction,syndrome_avg_weight,syndrome_p95_weight,syndrome_avg_relative_weight,syndrome_p95_relative_weight,noise_model,n,k,d,mx_rows,mx_cols,mz_rows,mz_cols,mx_density,mz_density,mx_row_weight_mean,mz_row_weight_mean,code_file,ci_method
bb_n72_k12,0.01,BP-OSD,0,7,1000,1,0.001,0.00017654637062607809,0.0056425585979579355,0.01069100001041079,0.010099998689838685,0.02440500020384206,0.03163000050335538,1.185,2.0,0.999,1.992,6.0,0.05533333333333333,0.16666666666666666,independent_z_only,72,12,6.0,36,72,36,72,0.08333333333333333,0.08333333333333333,6.0,6.0,bbcode_n72_k12.npz,wilson_95
bb_n72_k12,0.01,BP-LSD,0,7,1000,1,0.001,0.00017654637062607809,0.0056425585979579355,0.016080800001873286,0.011399999493733048,0.023005000457487764,0.06462300001658139,1.085,1.0,0.999,1.992,6.0,0.05533333333333333,0.16666666666666666,independent_z_only,72,12,6.0,36,72,36,72,0.08333333333333333,0.08333333333333333,6.0,6.0,bbcode_n72_k12.npz,wilson_95
bb_n72_k12,0.01,BP-OSD,1,8,1000,0,0.0,2.168404344971009e-19,0.0038267584855551234,0.017018999988067662,0.011250000170548446,0.029510000786103763,0.11872299979586384,1.102,2.0,1.0,2.007,6.0,0.05575,0.16666666666666666,independent_z_only,72,12,6.0,36,72,36,72,0.08333333333333333,0.08333333333333333,6.0,6.0,bbcode_n72_k12.npz,wilson_95
bb_n72_k12,0.01,BP-LSD,1,8,1000,0,0.0,2.168404344971009e-19,0.0038267584855551234,0.025173099982566782,0.02330000097572338,0.043810000624944216,0.14053300026716894,1.052,1.0,1.0,2.007,6.0,0.05575,0.16666666666666666,independent_z_only,72,12,6.0,36,72,36,72,0.08333333333333333,0.08333333333333333,6.0,6.0,bbcode_n72_k12.npz,wilson_95
bb_n72_k12,0.01,BP-OSD,2,9,1000,0,0.0,2.168404344971009e-19,0.0038267584855551234,0.016933200015046168,0.011899999663000926,0.02881500104194855,0.053673998882004456,1.143,2.0,0.999,1.901,6.0,0.05280555555555556,0.16666666666666666,independent_z_only,72,12,6.0,36,72,36,72,0.08333333333333333,0.08333333333333333,6.0,6.0,bbcode_n72_k12.npz,wilson_95
bb_n72_k12,0.01,BP-LSD,2,9,1000,0,0.0,2.168404344971009e-19,0.0038267584855551234,0.03301559997998993,0.024700000722077675,0.059720000808738294,0.21271499994327303,1.088,2.0,0.999,1.901,6.0,0.05280555555555556,0.16666666666666666,independent_z_only,72,12,6.0,36,72,36,72,0.08333333333333333,0.08333333333333333,6.0,6.0,bbcode_n72_k12.npz,wilson_95
bb_n72_k12,0.01,BP-OSD,3,10,1000,1,0.001,0.00017654637062607809,0.0056425585979579355,0.021205100001679966,0.013700000636163168,0.03783000038310999,0.1321069999721658,1.191,2.0,0.999,2.065,6.0,0.05736111111111111,0.16666666666666666,independent_z_only,72,12,6.0,36,72,36,72,0.08333333333333333,0.08333333333333333,6.0,6.0,bbcode_n72_k12.npz,wilson_95
bb_n72_k12,0.01,BP-LSD,3,10,1000,1,0.001,0.00017654637062607809,0.0056425585979579355,0.023348901000645128,0.015450000319106039,0.03233000034015274,0.10932299946944092,1.104,1.0,0.999,2.065,6.0,0.05736111111111111,0.16666666666666666,independent_z_only,72,12,6.0,36,72,36,72,0.08333333333333333,0.08333333333333333,6.0,6.0,bbcode_n72_k12.npz,wilson_95
bb_n72_k12,0.01,BP-OSD,4,11,1000,0,0.0,2.168404344971009e-19,0.0038267584855551234,0.017003800016027526,0.012700000297627412,0.028804999237763692,0.05204599941862394,1.104,2.0,0.999,2.107,6.0,0.05852777777777778,0.16666666666666666,independent_z_only,72,12,6.0,36,72,36,72,0.08333333333333333,0.08333333333333333,6.0,6.0,bbcode_n72_k12.npz,wilson_95
bb_n72_k12,0.01,BP-LSD,4,11,1000,0,0.0,2.168404344971009e-19,0.0038267584855551234,0.01864830001250084,0.013699998817173764,0.027800000680144876,0.05872300131159134,1.076,1.0,0.999,2.107,6.0,0.05852777777777778,0.16666666666666666,independent_z_only,72,12,6.0,36,72,36,72,0.08333333333333333,0.08333333333333333,6.0,6.0,bbcode_n72_k12.npz,wilson_95
bb_n72_k12,0.02,BP-OSD,0,1007,1000,11,0.011,0.006153174098086639,0.019589395700786272,0.01791219999358873,0.012399999832268804,0.03350500037413439,0.1110970004265253,1.759,3.0,0.988,3.864,9.0,0.10733333333333334,0.25,independent_z_only,72,12,6.0,36,72,36,72,0.08333333333333333,0.08333333333333333,6.0,6.0,bbcode_n72_k12.npz,wilson_95
bb_n72_k12,0.02,BP-LSD,0,1007,1000,11,0.011,0.006153174098086639,0.019589395700786272,0.034044499981973786,0.02350000067963265,0.04962999937561105,0.23267100123121048,1.603,2.0,0.988,3.864,9.0,0.10733333333333334,0.25,independent_z_only,72,12,6.0,36,72,36,72,0.08333333333333333,0.08333333333333333,6.0,6.0,bbcode_n72_k12.npz,wilson_95
bb_n72_k12,0.02,BP-OSD,1,1008,1000,13,0.013,0.0076128203893510256,0.022114442375579666,0.03270090000114578,0.022399999579647556,0.0575449994357768,0.27512000107890344,1.597,2.0,0.992,3.899,9.0,0.10830555555555556,0.25,independent_z_only,72,12,6.0,36,72,36,72,0.08333333333333333,0.08333333333333333,6.0,6.0,bbcode_n72_k12.npz,wilson_95
bb_n72_k12,0.02,BP-LSD,1,1008,1000,12,0.012,0.006877647806403522,0.02085726847549828,0.03272169996853336,0.021300000298651867,0.04626000063581154,0.2959719984755787,1.503,2.0,0.992,3.899,9.0,0.10830555555555556,0.25,independent_z_only,72,12,6.0,36,72,36,72,0.08333333333333333,0.08333333333333333,6.0,6.0,bbcode_n72_k12.npz,wilson_95
bb_n72_k12,0.02,BP-OSD,2,1009,1000,14,0.014,0.00835757513042392,0.02336203411753566,0.018089899986080127,0.013300001228344627,0.02990000029967632,0.14716299960127793,1.686,3.0,0.993,3.935,9.0,0.10930555555555556,0.25,independent_z_only,72,12,6.0,36,72,36,72,0.08333333333333333,0.08333333333333333,6.0,6.0,bbcode_n72_k12.npz,wilson_95
bb_n72_k12,0.02,BP-LSD,2,1009,1000,13,0.013,0.0076128203893510256,0.022114442375579666,0.021180100007768488,0.013499999113264494,0.030239998977776815,0.12941699942530246,1.525,3.0,0.993,3.935,9.0,0.10930555555555556,0.25,independent_z_only,72,12,6.0,36,72,36,72,0.08333333333333333,0.08333333333333333,6.0,6.0,bbcode_n72_k12.npz,wilson_95
bb_n72_k12,0.02,BP-OSD,3,1010,1000,19,0.019,0.012196885750790904,0.02948445591231312,0.01811579998866364,0.011599999197642319,0.03106499962086667,0.15513499973167189,2.207,4.0,0.979,3.991,9.0,0.11086111111111112,0.25,independent_z_only,72,12,6.0,36,72,36,72,0.08333333333333333,0.08333333333333333,6.0,6.0,bbcode_n72_k12.npz,wilson_95
bb_n72_k12,0.02,BP-LSD,3,1010,1000,20,0.02,0.012983682916415136,0.030690005229717786,0.02252330002920644,0.012399999832268804,0.03559000106179147,0.24592699990535027,1.833,2.0,0.979,3.991,9.0,0.11086111111111112,0.25,independent_z_only,72,12,6.0,36,72,36,72,0.08333333333333333,0.08333333333333333,6.0,6.0,bbcode_n72_k12.npz,wilson_95
bb_n72_k12,0.02,BP-OSD,4,1011,1000,14,0.014,0.00835757513042392,0.02336203411753566,0.015029099991807016,0.011399999493733048,0.024534999283787298,0.10430000111227855,1.938,3.0,0.985,3.914,9.0,0.10872222222222222,0.25,independent_z_only,72,12,6.0,36,72,36,72,0.08333333333333333,0.08333333333333333,6.0,6.0,bbcode_n72_k12.npz,wilson_95
bb_n72_k12,0.02,BP-LSD,4,1011,1000,15,0.015,0.009110978804081668,0.024600976926906798,0.020023200024297694,0.012700000297627412,0.029804999576299448,0.1991839990114385,1.694,2.0,0.985,3.914,9.0,0.10872222222222222,0.25,independent_z_only,72,12,6.0,36,72,36,72,0.08333333333333333,0.08333333333333333,6.0,6.0,bbcode_n72_k12.npz,wilson_95
bb_n72_k12,0.03,BP-OSD,0,2007,1000,46,0.046,0.03466249276326498,0.06081220394161907,0.01948439999250695,0.012599999536178075,0.044424999759939944,0.14430700010052533,3.121,15.149999999999864,0.965,5.495,12.0,0.15263888888888888,0.3333333333333333,independent_z_only,72,12,6.0,36,72,36,72,0.08333333333333333,0.08333333333333333,6.0,6.0,bbcode_n72_k12.npz,wilson_95
bb_n72_k12,0.03,BP-LSD,0,2007,1000,45,0.045,0.03379951228563171,0.059682837936223455,0.023870700046245474,0.01300000076298602,0.04022000048280459,0.2667629989809938,2.767,10.099999999999909,0.965,5.495,12.0,0.15263888888888888,0.3333333333333333,independent_z_only,72,12,6.0,36,72,36,72,0.08333333333333333,0.08333333333333333,6.0,6.0,bbcode_n72_k12.npz,wilson_95
bb_n72_k12,0.03,BP-OSD,1,2008,1000,38,0.038,0.02780900450930263,0.05172692033135032,0.02357880108320387,0.014200000805431046,0.08815500068521928,0.1850190007826313,3.23,30.0,0.953,5.628,12.0,0.15633333333333332,0.3333333333333333,independent_z_only,72,12,6.0,36,72,36,72,0.08333333333333333,0.08333333333333333,6.0,6.0,bbcode_n72_k12.npz,wilson_95
bb_n72_k12,0.03,BP-LSD,1,2008,1000,38,0.038,0.02780900450930263,0.05172692033135032,0.021739900008469704,0.01230000088980887,0.06268999959502217,0.20568600044498436,2.956,16.199999999999818,0.953,5.628,12.0,0.15633333333333332,0.3333333333333333,independent_z_only,72,12,6.0,36,72,36,72,0.08333333333333333,0.08333333333333333,6.0,6.0,bbcode_n72_k12.npz,wilson_95
bb_n72_k12,0.03,BP-OSD,2,2009,1000,44,0.044,0.0329382145884185,0.058551789150407776,0.02397429997654399,0.015499999790336005,0.07161499952417215,0.1967749989307776,3.081,19.049999999999955,0.957,5.867,12.0,0.1629722222222222,0.3333333333333333,independent_z_only,72,12,6.0,36,72,36,72,0.08333333333333333,0.08333333333333333,6.0,6.0,bbcode_n72_k12.npz,wilson_95
bb_n72_k12,0.03,BP-LSD,2,2009,1000,44,0.044,0.0329382145884185,0.058551789150407776,0.0236594000034529,0.012700000297627412,0.04914499922961109,0.2849529993181931,2.944,17.09999999999991,0.957,5.867,12.0,0.1629722222222222,0.3333333333333333,independent_z_only,72,12,6.0,36,72,36,72,0.08333333333333333,0.08333333333333333,6.0,6.0,bbcode_n72_k12.npz,wilson_95
bb_n72_k12,0.03,BP-OSD,3,2010,1000,35,0.035,0.02527226301711295,0.04828662237445333,0.016596999988905736,0.011199999789823778,0.036304999957792454,0.14572299985957213,2.835,7.199999999999818,0.966,5.383,12.0,0.1495277777777778,0.3333333333333333,independent_z_only,72,12,6.0,36,72,36,72,0.08333333333333333,0.08333333333333333,6.0,6.0,bbcode_n72_k12.npz,wilson_95
bb_n72_k12,0.03,BP-LSD,3,2010,1000,35,0.035,0.02527226301711295,0.04828662237445333,0.023696899985225173,0.01340000017080456,0.04282500030967638,0.27500700032760506,2.57,5.0,0.966,5.383,12.0,0.1495277777777778,0.3333333333333333,independent_z_only,72,12,6.0,36,72,36,72,0.08333333333333333,0.08333333333333333,6.0,6.0,bbcode_n72_k12.npz,wilson_95
bb_n72_k12,0.03,BP-OSD,4,2011,1000,36,0.036,0.02611557140738732,0.049435660467207834,0.021011000006183167,0.013300001228344627,0.05324500052665813,0.15011600060461203,3.01,15.049999999999955,0.962,5.573,12.0,0.15480555555555556,0.3333333333333333,independent_z_only,72,12,6.0,36,72,36,72,0.08333333333333333,0.08333333333333333,6.0,6.0,bbcode_n72_k12.npz,wilson_95
bb_n72_k12,0.03,BP-LSD,4,2011,1000,36,0.036,0.02611557140738732,0.049435660467207834,0.020869399995717686,0.011500000255182385,0.050264999481441766,0.20790400052646874,2.777,10.049999999999955,0.962,5.573,12.0,0.15480555555555556,0.3333333333333333,independent_z_only,72,12,6.0,36,72,36,72,0.08333333333333333,0.08333333333333333,6.0,6.0,bbcode_n72_k12.npz,wilson_95
bb_n72_k12,0.05,BP-OSD,0,3007,1000,162,0.162,0.1404641118483431,0.18612277688789222,0.03965709999829414,0.0212500008274219,0.1478349995522876,0.2359009991050698,6.825,30.0,0.861,8.395,15.0,0.23319444444444443,0.4166666666666667,independent_z_only,72,12,6.0,36,72,36,72,0.08333333333333333,0.08333333333333333,6.0,6.0,bbcode_n72_k12.npz,wilson_95
bb_n72_k12,0.05,BP-LSD,0,3007,1000,163,0.163,0.14140399765906392,0.18717523756020027,0.04481689999374794,0.01739999970595818,0.19061500070165482,0.3328139994846423,6.621,30.0,0.861,8.395,15.0,0.23319444444444443,0.4166666666666667,independent_z_only,72,12,6.0,36,72,36,72,0.08333333333333333,0.08333333333333333,6.0,6.0,bbcode_n72_k12.npz,wilson_95
bb_n72_k12,0.05,BP-OSD,1,3008,1000,176,0.176,0.15364942465804565,0.2008303148405941,0.03969820001839253,0.02049999966402538,0.1390099998388905,0.2157059998899058,7.222,30.0,0.85,8.604,15.0,0.239,0.4166666666666667,independent_z_only,72,12,6.0,36,72,36,72,0.08333333333333333,0.08333333333333333,6.0,6.0,bbcode_n72_k12.npz,wilson_95
bb_n72_k12,0.05,BP-LSD,1,3008,1000,176,0.176,0.15364942465804565,0.2008303148405941,0.042889300968454336,0.017100001059588976,0.17891000161398551,0.27948299928539194,7.028,30.0,0.85,8.604,15.0,0.239,0.4166666666666667,independent_z_only,72,12,6.0,36,72,36,72,0.08333333333333333,0.08333333333333333,6.0,6.0,bbcode_n72_k12.npz,wilson_95
bb_n72_k12,0.05,BP-OSD,2,3009,1000,163,0.163,0.14140399765906392,0.18717523756020027,0.03608479999093106,0.01720000000204891,0.13862000032531793,0.21219399975961997,6.733,30.0,0.865,8.699,15.0,0.24163888888888888,0.4166666666666667,independent_z_only,72,12,6.0,36,72,36,72,0.08333333333333333,0.08333333333333333,6.0,6.0,bbcode_n72_k12.npz,wilson_95
bb_n72_k12,0.05,BP-LSD,2,3009,1000,165,0.165,0.14328467985555532,0.18927924832976667,0.05529589997604489,0.02300000051036477,0.24542000046494647,0.4198219990939831,6.662,30.0,0.865,8.699,15.0,0.24163888888888888,0.4166666666666667,independent_z_only,72,12,6.0,36,72,36,72,0.08333333333333333,0.08333333333333333,6.0,6.0,bbcode_n72_k12.npz,wilson_95
bb_n72_k12,0.05,BP-OSD,3,3010,1000,168,0.168,0.14610794675394784,0.19243302088046083,0.05306410000775941,0.026449999495525844,0.17895999981192284,0.2798050004821562,7.023,30.0,0.854,8.524,15.0,0.23677777777777775,0.4166666666666667,independent_z_only,72,12,6.0,36,72,36,72,0.08333333333333333,0.08333333333333333,6.0,6.0,bbcode_n72_k12.npz,wilson_95
bb_n72_k12,0.05,BP-LSD,3,3010,1000,169,0.169,0.14704962548581355,0.193483688631624,0.0651707009965321,0.023749999854771886,0.24003999942578955,0.44521799967696984,6.899,30.0,0.854,8.524,15.0,0.23677777777777775,0.4166666666666667,independent_z_only,72,12,6.0,36,72,36,72,0.08333333333333333,0.08333333333333333,6.0,6.0,bbcode_n72_k12.npz,wilson_95
bb_n72_k12,0.05,BP-OSD,4,3011,1000,161,0.161,0.13952453255948705,0.18507000969371934,0.051155300043319585,0.023800001144991256,0.1772449996678915,0.28629900012674614,6.628,30.0,0.859,8.366,15.0,0.23238888888888887,0.4166666666666667,independent_z_only,72,12,6.0,36,72,36,72,0.08333333333333333,0.08333333333333333,6.0,6.0,bbcode_n72_k12.npz,wilson_95
bb_n72_k12,0.05,BP-LSD,4,3011,1000,161,0.161,0.13952453255948705,0.18507000969371934,0.13839029999871855,0.02930000027845381,0.3533150011207901,1.6127039992716157,6.495,30.0,0.859,8.366,15.0,0.23238888888888887,0.4166666666666667,independent_z_only,72,12,6.0,36,72,36,72,0.08333333333333333,0.08333333333333333,6.0,6.0,bbcode_n72_k12.npz,wilson_95
bb_n96_k10,0.01,BP-OSD,0,100007,1000,0,0.0,2.168404344971009e-19,0.0038267584855551234,0.022504899992782157,0.01809999957913533,0.042504999873926856,0.09065099866347733,1.204,2.0,1.0,3.678,10.0,0.076625,0.20833333333333334,independent_z_only,96,10,,48,96,48,96,0.08333333333333333,0.08333333333333333,8.0,8.0,bbcode_n96_k10.npz,wilson_95
bb_n96_k10,0.01,BP-LSD,0,100007,1000,0,0.0,2.168404344971009e-19,0.0038267584855551234,0.024686299990207772,0.017800000932766125,0.03880500007653599,0.09057199971721268,1.137,2.0,1.0,3.678,10.0,0.076625,0.20833333333333334,independent_z_only,96,10,,48,96,48,96,0.08333333333333333,0.08333333333333333,8.0,8.0,bbcode_n96_k10.npz,wilson_95
bb_n96_k10,0.01,BP-OSD,1,100008,1000,0,0.0,2.168404344971009e-19,0.0038267584855551234,0.02210549998562783,0.016199999663513154,0.03890499974659178,0.06159500080684657,1.224,2.0,1.0,3.506,10.0,0.07304166666666666,0.20833333333333334,independent_z_only,96,10,,48,96,48,96,0.08333333333333333,0.08333333333333333,8.0,8.0,bbcode_n96_k10.npz,wilson_95
bb_n96_k10,0.01,BP-LSD,1,100008,1000,0,0.0,2.168404344971009e-19,0.0038267584855551234,0.027130801008752314,0.024700000722077675,0.04552000082185257,0.11929399997825377,1.133,2.0,1.0,3.506,10.0,0.07304166666666666,0.20833333333333334,independent_z_only,96,10,,48,96,48,96,0.08333333333333333,0.08333333333333333,8.0,8.0,bbcode_n96_k10.npz,wilson_95
bb_n96_k10,0.01,BP-OSD,2,100009,1000,1,0.001,0.00017654637062607809,0.0056425585979579355,0.01788469997336506,0.014500001270789653,0.029604999781440707,0.09714700083350176,1.258,2.0,0.999,3.762,10.0,0.078375,0.20833333333333334,independent_z_only,96,10,,48,96,48,96,0.08333333333333333,0.08333333333333333,8.0,8.0,bbcode_n96_k10.npz,wilson_95
bb_n96_k10,0.01,BP-LSD,2,100009,1000,1,0.001,0.00017654637062607809,0.0056425585979579355,0.01915100005317072,0.014600000213249587,0.030529999366990496,0.057217999001295525,1.166,2.0,0.999,3.762,10.0,0.078375,0.20833333333333334,independent_z_only,96,10,,48,96,48,96,0.08333333333333333,0.08333333333333333,8.0,8.0,bbcode_n96_k10.npz,wilson_95
bb_n96_k10,0.01,BP-OSD,3,100010,1000,0,0.0,2.168404344971009e-19,0.0038267584855551234,0.01786500003436231,0.016399999367422424,0.03451000065979314,0.05630499941617017,1.252,2.0,1.0,3.868,10.0,0.08058333333333333,0.20833333333333334,independent_z_only,96,10,,48,96,48,96,0.08333333333333333,0.08333333333333333,8.0,8.0,bbcode_n96_k10.npz,wilson_95
bb_n96_k10,0.01,BP-LSD,3,100010,1000,0,0.0,2.168404344971009e-19,0.0038267584855551234,0.021212100011325674,0.016599999071331695,0.03409999962968868,0.06112899960498905,1.16,2.0,1.0,3.868,10.0,0.08058333333333333,0.20833333333333334,independent_z_only,96,10,,48,96,48,96,0.08333333333333333,0.08333333333333333,8.0,8.0,bbcode_n96_k10.npz,wilson_95
bb_n96_k10,0.01,BP-OSD,4,100011,1000,0,0.0,2.168404344971009e-19,0.0038267584855551234,0.015631899985237396,0.014700000974698924,0.03130499999315361,0.04987600084859871,1.222,2.0,1.0,3.658,10.0,0.07620833333333334,0.20833333333333334,independent_z_only,96,10,,48,96,48,96,0.08333333333333333,0.08333333333333333,8.0,8.0,bbcode_n96_k10.npz,wilson_95
bb_n96_k10,0.01,BP-LSD,4,100011,1000,0,0.0,2.168404344971009e-19,0.0038267584855551234,0.023023199986710097,0.018249999811814632,0.03532999962772007,0.08758500051044385,1.15,2.0,1.0,3.658,10.0,0.07620833333333334,0.20833333333333334,independent_z_only,96,10,,48,96,48,96,0.08333333333333333,0.08333333333333333,8.0,8.0,bbcode_n96_k10.npz,wilson_95
bb_n96_k10,0.02,BP-OSD,0,101007,1000,0,0.0,2.168404344971009e-19,0.0038267584855551234,0.023417799988237675,0.016900000446185004,0.037224999505269786,0.1068159993883454,1.706,3.0,0.998,6.7,14.0,0.13958333333333334,0.2916666666666667,independent_z_only,96,10,,48,96,48,96,0.08333333333333333,0.08333333333333333,8.0,8.0,bbcode_n96_k10.npz,wilson_95
bb_n96_k10,0.02,BP-LSD,0,101007,1000,0,0.0,2.168404344971009e-19,0.0038267584855551234,0.018614700029502274,0.014199998986441642,0.02932999941549494,0.05313800051226277,1.628,3.0,0.998,6.7,14.0,0.13958333333333334,0.2916666666666667,independent_z_only,96,10,,48,96,48,96,0.08333333333333333,0.08333333333333333,8.0,8.0,bbcode_n96_k10.npz,wilson_95
bb_n96_k10,0.02,BP-OSD,1,101008,1000,5,0.005,0.0021375355273244596,0.011650955373375113,0.024310499968123622,0.02165000023524044,0.03940999986298265,0.10630099997797515,1.798,4.0,0.995,6.852,14.0,0.14275000000000002,0.2916666666666667,independent_z_only,96,10,,48,96,48,96,0.08333333333333333,0.08333333333333333,8.0,8.0,bbcode_n96_k10.npz,wilson_95
bb_n96_k10,0.02,BP-LSD,1,101008,1000,5,0.005,0.0021375355273244596,0.011650955373375113,0.021791000004668604,0.015749999874969944,0.034614999731275006,0.09643400098866547,1.722,3.0,0.995,6.852,14.0,0.14275000000000002,0.2916666666666667,independent_z_only,96,10,,48,96,48,96,0.08333333333333333,0.08333333333333333,8.0,8.0,bbcode_n96_k10.npz,wilson_95
bb_n96_k10,0.02,BP-OSD,2,101009,1000,1,0.001,0.00017654637062607809,0.0056425585979579355,0.027304100005494547,0.022300000637187622,0.042305000170017586,0.2578009991157156,1.885,4.0,0.994,6.426,14.0,0.133875,0.2916666666666667,independent_z_only,96,10,,48,96,48,96,0.08333333333333333,0.08333333333333333,8.0,8.0,bbcode_n96_k10.npz,wilson_95
bb_n96_k10,0.02,BP-LSD,2,101009,1000,1,0.001,0.00017654637062607809,0.0056425585979579355,0.03278480002336437,0.025299999833805487,0.04670000089390669,0.18700399918088778,1.752,4.0,0.994,6.426,14.0,0.133875,0.2916666666666667,independent_z_only,96,10,,48,96,48,96,0.08333333333333333,0.08333333333333333,8.0,8.0,bbcode_n96_k10.npz,wilson_95
bb_n96_k10,0.02,BP-OSD,3,101010,1000,1,0.001,0.00017654637062607809,0.0056425585979579355,0.02744500004882866,0.019400000383029692,0.04922999996779251,0.11930499891604995,1.733,4.0,0.997,6.604,14.0,0.13758333333333334,0.2916666666666667,independent_z_only,96,10,,48,96,48,96,0.08333333333333333,0.08333333333333333,8.0,8.0,bbcode_n96_k10.npz,wilson_95
bb_n96_k10,0.02,BP-LSD,3,101010,1000,1,0.001,0.00017654637062607809,0.0056425585979579355,0.02880909996201808,0.02080000012938399,0.048405001052742584,0.13848500066160332,1.629,3.0,0.997,6.604,14.0,0.13758333333333334,0.2916666666666667,independent_z_only,96,10,,48,96,48,96,0.08333333333333333,0.08333333333333333,8.0,8.0,bbcode_n96_k10.npz,wilson_95
bb_n96_k10,0.02,BP-OSD,4,101011,1000,3,0.003,0.0010207838811386186,0.008783014053503173,0.02031750002061017,0.01650000012887176,0.03601999942475229,0.05303099975208167,1.825,4.0,0.998,6.72,14.0,0.13999999999999999,0.2916666666666667,independent_z_only,96,10,,48,96,48,96,0.08333333333333333,0.08333333333333333,8.0,8.0,bbcode_n96_k10.npz,wilson_95
bb_n96_k10,0.02,BP-LSD,4,101011,1000,3,0.003,0.0010207838811386186,0.008783014053503173,0.021786099996461417,0.016250000953732524,0.03720499953487887,0.06763699997463843,1.694,4.0,0.998,6.72,14.0,0.13999999999999999,0.2916666666666667,independent_z_only,96,10,,48,96,48,96,0.08333333333333333,0.08333333333333333,8.0,8.0,bbcode_n96_k10.npz,wilson_95
bb_n96_k10,0.03,BP-OSD,0,102007,1000,22,0.022,0.014572707764791058,0.03308567334739963,0.039129099970523384,0.02654999934748048,0.06243500029086132,0.4066469983263232,3.252,9.0,0.97,9.228,16.0,0.19225,0.3333333333333333,independent_z_only,96,10,,48,96,48,96,0.08333333333333333,0.08333333333333333,8.0,8.0,bbcode_n96_k10.npz,wilson_95
bb_n96_k10,0.03,BP-LSD,0,102007,1000,22,0.022,0.014572707764791058,0.03308567334739963,0.043428499995570746,0.022199999875738285,0.06944500082681766,0.5192200002966271,3.106,8.0,0.97,9.228,16.0,0.19225,0.3333333333333333,independent_z_only,96,10,,48,96,48,96,0.08333333333333333,0.08333333333333333,8.0,8.0,bbcode_n96_k10.npz,wilson_95
bb_n96_k10,0.03,BP-OSD,1,102008,1000,15,0.015,0.009110978804081668,0.024600976926906798,0.033714899989718106,0.02029999996011611,0.05846500080224353,0.382774000045174,3.21,9.0,0.968,9.234,16.09999999999991,0.192375,0.33541666666666475,independent_z_only,96,10,,48,96,48,96,0.08333333333333333,0.08333333333333333,8.0,8.0,bbcode_n96_k10.npz,wilson_95
bb_n96_k10,0.03,BP-LSD,1,102008,1000,15,0.015,0.009110978804081668,0.024600976926906798,0.036348300978716,0.018149999959859997,0.05506000043169473,0.5078969994792714,3.067,8.0,0.968,9.234,16.09999999999991,0.192375,0.33541666666666475,independent_z_only,96,10,,48,96,48,96,0.08333333333333333,0.08333333333333333,8.0,8.0,bbcode_n96_k10.npz,wilson_95
bb_n96_k10,0.03,BP-OSD,2,102009,1000,7,0.007,0.0033948684009907646,0.014378315465766588,0.026606600013110437,0.01650000012887176,0.045000000682193786,0.31481999962124974,2.881,7.0499999999999545,0.984,9.322,18.0,0.19420833333333332,0.375,independent_z_only,96,10,,48,96,48,96,0.08333333333333333,0.08333333333333333,8.0,8.0,bbcode_n96_k10.npz,wilson_95
bb_n96_k10,0.03,BP-LSD,2,102009,1000,7,0.007,0.0033948684009907646,0.014378315465766588,0.05836300000191841,0.024300000404764432,0.052640000376413774,0.46800799867924053,2.757,7.0,0.984,9.322,18.0,0.19420833333333332,0.375,independent_z_only,96,10,,48,96,48,96,0.08333333333333333,0.08333333333333333,8.0,8.0,bbcode_n96_k10.npz,wilson_95
bb_n96_k10,0.03,BP-OSD,3,102010,1000,18,0.018,0.011415740009567788,0.028273255170507345,0.02822250000826898,0.01700000029813964,0.04671000078815268,0.336349999615777,3.122,9.0,0.973,9.2,16.0,0.19166666666666665,0.3333333333333333,independent_z_only,96,10,,48,96,48,96,0.08333333333333333,0.08333333333333333,8.0,8.0,bbcode_n96_k10.npz,wilson_95
bb_n96_k10,0.03,BP-LSD,3,102010,1000,18,0.018,0.011415740009567788,0.028273255170507345,0.03639440001279581,0.01764999979059212,0.06000000030326191,0.4785630011429019,3.016,8.0,0.973,9.2,16.0,0.19166666666666665,0.3333333333333333,independent_z_only,96,10,,48,96,48,96,0.08333333333333333,0.08333333333333333,8.0,8.0,bbcode_n96_k10.npz,wilson_95
bb_n96_k10,0.03,BP-OSD,4,102011,1000,14,0.014,0.00835757513042392,0.02336203411753566,0.025856600028419052,0.01630000042496249,0.04726999932245229,0.3240269987327338,2.98,7.0,0.979,9.294,16.0,0.19362500000000002,0.3333333333333333,independent_z_only,96,10,,48,96,48,96,0.08333333333333333,0.08333333333333333,8.0,8.0,bbcode_n96_k10.npz,wilson_95
bb_n96_k10,0.03,BP-LSD,4,102011,1000,14,0.014,0.00835757513042392,0.02336203411753566,0.029901799960498465,0.01720000000204891,0.04700999952547135,0.4406119999839574,2.903,7.0,0.979,9.294,16.0,0.19362500000000002,0.3333333333333333,independent_z_only,96,10,,48,96,48,96,0.08333333333333333,0.08333333333333333,8.0,8.0,bbcode_n96_k10.npz,wilson_95
bb_n96_k10,0.05,BP-OSD,0,103007,1000,136,0.136,0.1161420645496615,0.15864381562782268,0.09896369999660237,0.031100000342121348,0.4175749990281471,0.5610529989280622,9.224,30.0,0.804,13.618,22.0,0.28370833333333334,0.4583333333333333,independent_z_only,96,10,,48,96,48,96,0.08333333333333333,0.08333333333333333,8.0,8.0,bbcode_n96_k10.npz,wilson_95
bb_n96_k10,0.05,BP-LSD,0,103007,1000,136,0.136,0.1161420645496615,0.15864381562782268,0.12077730100645567,0.03305000063846819,0.5471349992149039,0.709430000388238,9.15,30.0,0.804,13.618,22.0,0.28370833333333334,0.4583333333333333,independent_z_only,96,10,,48,96,48,96,0.08333333333333333,0.08333333333333333,8.0,8.0,bbcode_n96_k10.npz,wilson_95
bb_n96_k10,0.05,BP-OSD,1,103008,1000,114,0.114,0.09576165709721693,0.13519260045363163,0.0813102999873081,0.026849999812839087,0.36473999971349236,0.4660399995191255,8.376,30.0,0.832,13.758,22.0,0.28662499999999996,0.4583333333333333,independent_z_only,96,10,,48,96,48,96,0.08333333333333333,0.08333333333333333,8.0,8.0,bbcode_n96_k10.npz,wilson_95
bb_n96_k10,0.05,BP-LSD,1,103008,1000,114,0.114,0.09576165709721693,0.13519260045363163,0.10236579996126238,0.028500000553322025,0.47831000038058846,0.6933159996697212,8.347,30.0,0.832,13.758,22.0,0.28662499999999996,0.4583333333333333,independent_z_only,96,10,,48,96,48,96,0.08333333333333333,0.08333333333333333,8.0,8.0,bbcode_n96_k10.npz,wilson_95
bb_n96_k10,0.05,BP-OSD,2,103009,1000,139,0.139,0.11893638905078911,0.16182653057578172,0.09249050001380965,0.02789999962260481,0.3883249994032665,0.5173990001094351,9.515,30.0,0.802,13.916,22.0,0.28991666666666666,0.4583333333333333,independent_z_only,96,10,,48,96,48,96,0.08333333333333333,0.08333333333333333,8.0,8.0,bbcode_n96_k10.npz,wilson_95
bb_n96_k10,0.05,BP-LSD,2,103009,1000,139,0.139,0.11893638905078911,0.16182653057578172,0.11336670000491722,0.029200000426499173,0.49552000036783284,0.6721100001050216,9.439,30.0,0.802,13.916,22.0,0.28991666666666666,0.4583333333333333,independent_z_only,96,10,,48,96,48,96,0.08333333333333333,0.08333333333333333,8.0,8.0,bbcode_n96_k10.npz,wilson_95
bb_n96_k10,0.05,BP-OSD,3,103010,1000,136,0.136,0.1161420645496615,0.15864381562782268,0.0868655009799113,0.027549999686016236,0.3714549995493143,0.5282999994415147,8.821,30.0,0.821,13.592,22.0,0.2831666666666667,0.4583333333333333,independent_z_only,96,10,,48,96,48,96,0.08333333333333333,0.08333333333333333,8.0,8.0,bbcode_n96_k10.npz,wilson_95
bb_n96_k10,0.05,BP-LSD,3,103010,1000,136,0.136,0.1161420645496615,0.15864381562782268,0.10400980002668803,0.02789999962260481,0.4626349990758171,0.5998389999876961,8.792,30.0,0.821,13.592,22.0,0.2831666666666667,0.4583333333333333,independent_z_only,96,10,,48,96,48,96,0.08333333333333333,0.08333333333333333,8.0,8.0,bbcode_n96_k10.npz,wilson_95
bb_n96_k10,0.05,BP-OSD,4,103011,1000,129,0.129,0.10963544529450506,0.1512040095017769,0.08823349996600882,0.0288500013994053,0.3729149999344372,0.46555599934436026,9.292,30.0,0.809,13.802,20.09999999999991,0.28754166666666664,0.4187499999999981,independent_z_only,96,10,,48,96,48,96,0.08333333333333333,0.08333333333333333,8.0,8.0,bbcode_n96_k10.npz,wilson_95
bb_n96_k10,0.05,BP-LSD,4,103011,1000,129,0.129,0.10963544529450506,0.1512040095017769,0.1412536010175245,0.03789999936998356,0.633140000354615,0.9873229986806106,9.201,30.0,0.809,13.802,20.09999999999991,0.28754166666666664,0.4187499999999981,independent_z_only,96,10,,48,96,48,96,0.08333333333333333,0.08333333333333333,8.0,8.0,bbcode_n96_k10.npz,wilson_95
bb_n144_k12,0.01,BP-OSD,0,200007,1000,0,0.0,2.168404344971009e-19,0.0038267584855551234,0.02719170001546445,0.02049999966402538,0.04481500091060296,0.11890499950823141,1.198,2.0,0.999,4.116,10.0,0.057166666666666664,0.1388888888888889,independent_z_only,144,12,12.0,72,144,72,144,0.041666666666666664,0.041666666666666664,6.0,6.0,bbcode_n144_k12.npz,wilson_95
bb_n144_k12,0.01,BP-LSD,0,200007,1000,0,0.0,2.168404344971009e-19,0.0038267584855551234,0.035059500003626454,0.029400000130408444,0.0511699998241965,0.09654399991632086,1.135,2.0,0.999,4.116,10.0,0.057166666666666664,0.1388888888888889,independent_z_only,144,12,12.0,72,144,72,144,0.041666666666666664,0.041666666666666664,6.0,6.0,bbcode_n144_k12.npz,wilson_95
bb_n144_k12,0.01,BP-OSD,1,200008,1000,0,0.0,2.168404344971009e-19,0.0038267584855551234,0.024579599979915656,0.01894999968499178,0.043399999503890285,0.09301899875936213,1.146,2.0,1.0,4.203,10.0,0.058375,0.1388888888888889,independent_z_only,144,12,12.0,72,144,72,144,0.041666666666666664,0.041666666666666664,6.0,6.0,bbcode_n144_k12.npz,wilson_95
bb_n144_k12,0.01,BP-LSD,1,200008,1000,0,0.0,2.168404344971009e-19,0.0038267584855551234,0.02553809999699297,0.019600000086938962,0.03970500038121826,0.05690900034096557,1.109,2.0,1.0,4.203,10.0,0.058375,0.1388888888888889,independent_z_only,144,12,12.0,72,144,72,144,0.041666666666666664,0.041666666666666664,6.0,6.0,bbcode_n144_k12.npz,wilson_95
bb_n144_k12,0.01,BP-OSD,2,200009,1000,2,0.002,0.000548643588120728,0.007262807863492177,0.024071100018772995,0.018799999452312477,0.04599999929268961,0.10334600076021157,1.249,2.0,0.997,4.112,10.0,0.05711111111111111,0.1388888888888889,independent_z_only,144,12,12.0,72,144,72,144,0.041666666666666664,0.041666666666666664,6.0,6.0,bbcode_n144_k12.npz,wilson_95
bb_n144_k12,0.01,BP-LSD,2,200009,1000,2,0.002,0.000548643588120728,0.007262807863492177,0.042543399989881436,0.03249999917898094,0.06391000088115105,0.2893329991456989,1.201,2.0,0.997,4.112,10.0,0.05711111111111111,0.1388888888888889,independent_z_only,144,12,12.0,72,144,72,144,0.041666666666666664,0.041666666666666664,6.0,6.0,bbcode_n144_k12.npz,wilson_95
bb_n144_k12,0.01,BP-OSD,3,200010,1000,0,0.0,2.168404344971009e-19,0.0038267584855551234,0.03047410001818207,0.021600000764010474,0.052205000883986934,0.13899400080845217,1.201,2.0,0.999,4.153,10.0,0.05768055555555555,0.1388888888888889,independent_z_only,144,12,12.0,72,144,72,144,0.041666666666666664,0.041666666666666664,6.0,6.0,bbcode_n144_k12.npz,wilson_95
bb_n144_k12,0.01,BP-LSD,3,200010,1000,0,0.0,2.168404344971009e-19,0.0038267584855551234,0.03613179998137639,0.033799999982875306,0.05100500084154191,0.13294900061737275,1.159,2.0,0.999,4.153,10.0,0.05768055555555555,0.1388888888888889,independent_z_only,144,12,12.0,72,144,72,144,0.041666666666666664,0.041666666666666664,6.0,6.0,bbcode_n144_k12.npz,wilson_95
bb_n144_k12,0.01,BP-OSD,4,200011,1000,1,0.001,0.00017654637062607809,0.0056425585979579355,0.025992499988205964,0.01990000055229757,0.04180500000074971,0.09392600013597982,1.186,2.0,0.998,3.9,9.0,0.05416666666666667,0.125,independent_z_only,144,12,12.0,72,144,72,144,0.041666666666666664,0.041666666666666664,6.0,6.0,bbcode_n144_k12.npz,wilson_95
bb_n144_k12,0.01,BP-LSD,4,200011,1000,1,0.001,0.00017654637062607809,0.0056425585979579355,0.031286700010241475,0.02300000051036477,0.046499999371008016,0.08822800038615239,1.156,2.0,0.998,3.9,9.0,0.05416666666666667,0.125,independent_z_only,144,12,12.0,72,144,72,144,0.041666666666666664,0.041666666666666664,6.0,6.0,bbcode_n144_k12.npz,wilson_95
bb_n144_k12,0.02,BP-OSD,0,201007,1000,4,0.004,0.0015565881404084308,0.010239556277262253,0.033391600007234956,0.025550000827934127,0.05311500044626881,0.1824290002332417,1.754,3.0,0.993,7.559,15.0,0.10498611111111111,0.20833333333333334,independent_z_only,144,12,12.0,72,144,72,144,0.041666666666666664,0.041666666666666664,6.0,6.0,bbcode_n144_k12.npz,wilson_95
bb_n144_k12,0.02,BP-LSD,0,201007,1000,4,0.004,0.0015565881404084308,0.010239556277262253,0.035733500008063857,0.02545000006648479,0.054905001434235594,0.1267599988750589,1.644,3.0,0.993,7.559,15.0,0.10498611111111111,0.20833333333333334,independent_z_only,144,12,12.0,72,144,72,144,0.041666666666666664,0.041666666666666664,6.0,6.0,bbcode_n144_k12.npz,wilson_95
bb_n144_k12,0.02,BP-OSD,1,201008,1000,5,0.005,0.0021375355273244596,0.011650955373375113,0.03201069999522588,0.02370000038354192,0.050504998944234096,0.22890900036145467,1.756,4.0,0.99,7.973,16.0,0.1107361111111111,0.2222222222222222,independent_z_only,144,12,12.0,72,144,72,144,0.041666666666666664,0.041666666666666664,6.0,6.0,bbcode_n144_k12.npz,wilson_95
bb_n144_k12,0.02,BP-LSD,1,201008,1000,5,0.005,0.0021375355273244596,0.011650955373375113,0.03673361401524744,0.02454999957990367,0.054110000837681575,0.3570959988428507,1.741,4.0,0.99,7.973,16.0,0.1107361111111111,0.2222222222222222,independent_z_only,144,12,12.0,72,144,72,144,0.041666666666666664,0.041666666666666664,6.0,6.0,bbcode_n144_k12.npz,wilson_95
bb_n144_k12,0.02,BP-OSD,2,201009,1000,2,0.002,0.000548643588120728,0.007262807863492177,0.026952213991535245,0.02099999983329326,0.04350000017439015,0.10890599900449151,1.65,3.0,0.994,7.86,15.0,0.10916666666666668,0.20833333333333334,independent_z_only,144,12,12.0,72,144,72,144,0.041666666666666664,0.041666666666666664,6.0,6.0,bbcode_n144_k12.npz,wilson_95
bb_n144_k12,0.02,BP-LSD,2,201009,1000,2,0.002,0.000548643588120728,0.007262807863492177,0.0329145179985062,0.02209999911428895,0.049825000769487794,0.24308399964866095,1.624,3.0,0.994,7.86,15.0,0.10916666666666668,0.20833333333333334,independent_z_only,144,12,12.0,72,144,72,144,0.041666666666666664,0.041666666666666664,6.0,6.0,bbcode_n144_k12.npz,wilson_95
bb_n144_k12,0.02,BP-OSD,3,201010,1000,5,0.005,0.0021375355273244596,0.011650955373375113,0.028856618006102508,0.020600000425474718,0.04741499897136235,0.2315600011934292,1.815,3.0,0.989,7.956,15.0,0.1105,0.20833333333333334,independent_z_only,144,12,12.0,72,144,72,144,0.041666666666666664,0.041666666666666664,6.0,6.0,bbcode_n144_k12.npz,wilson_95
bb_n144_k12,0.02,BP-LSD,3,201010,1000,5,0.005,0.0021375355273244596,0.011650955373375113,0.03895052302868862,0.031800000215298496,0.05650499915645923,0.2973589891371372,1.77,3.0,0.989,7.956,15.0,0.1105,0.20833333333333334,independent_z_only,144,12,12.0,72,144,72,144,0.041666666666666664,0.041666666666666664,6.0,6.0,bbcode_n144_k12.npz,wilson_95
bb_n144_k12,0.02,BP-OSD,4,201011,1000,5,0.005,0.0021375355273244596,0.011650955373375113,0.029707519983276143,0.02080000012938399,0.04662000019379773,0.21488500033228766,1.82,4.0,0.991,7.891,15.0,0.10959722222222222,0.20833333333333334,independent_z_only,144,12,12.0,72,144,72,144,0.041666666666666664,0.041666666666666664,6.0,6.0,bbcode_n144_k12.npz,wilson_95
bb_n144_k12,0.02,BP-LSD,4,201011,1000,5,0.005,0.0021375355273244596,0.011650955373375113,0.03141491499445692,0.02049999966402538,0.04591500019159865,0.21474400149600048,1.796,4.0,0.991,7.891,15.0,0.10959722222222222,0.20833333333333334,independent_z_only,144,12,12.0,72,144,72,144,0.041666666666666664,0.041666666666666664,6.0,6.0,bbcode_n144_k12.npz,wilson_95
bb_n144_k12,0.03,BP-OSD,0,202007,1000,6,0.006,0.0027526691418763745,0.01302816824185209,0.03205741798046802,0.02159999894502107,0.0538050503564591,0.2675120006642827,2.8,7.0,0.976,11.252,20.0,0.1562777777777778,0.2777777777777778,independent_z_only,144,12,12.0,72,144,72,144,0.041666666666666664,0.041666666666666664,6.0,6.0,bbcode_n144_k12.npz,wilson_95
bb_n144_k12,0.03,BP-LSD,0,202007,1000,6,0.006,0.0027526691418763745,0.01302816824185209,0.04013662500983628,0.024350499188585673,0.05670499895131797,0.4506760007643604,2.791,7.0,0.976,11.252,20.0,0.1562777777777778,0.2777777777777778,independent_z_only,144,12,12.0,72,144,72,144,0.041666666666666664,0.041666666666666664,6.0,6.0,bbcode_n144_k12.npz,wilson_95
bb_n144_k12,0.03,BP-OSD,1,202008,1000,8,0.008,0.004059195818806103,0.015706334530980144,0.03632922103133751,0.02615000084915664,0.055129999418568304,0.3003650012033175,2.62,5.0,0.981,11.05,19.0,0.15347222222222223,0.2638888888888889,independent_z_only,144,12,12.0,72,144,72,144,0.041666666666666664,0.041666666666666664,6.0,6.0,bbcode_n144_k12.npz,wilson_95
bb_n144_k12,0.03,BP-LSD,1,202008,1000,8,0.008,0.004059195818806103,0.015706334530980144,0.036044224001670955,0.022000000171829015,0.04734499998448878,0.514942989702831,2.57,5.0,0.981,11.05,19.0,0.15347222222222223,0.2638888888888889,independent_z_only,144,12,12.0,72,144,72,144,0.041666666666666664,0.041666666666666664,6.0,6.0,bbcode_n144_k12.npz,wilson_95
bb_n144_k12,0.03,BP-OSD,2,202009,1000,4,0.004,0.0015565881404084308,0.010239556277262253,0.037548421018072986,0.02370000038354192,0.06571000012627336,0.3210889995352772,2.978,7.0,0.971,11.223,19.0,0.155875,0.2638888888888889,independent_z_only,144,12,12.0,72,144,72,144,0.041666666666666664,0.041666666666666664,6.0,6.0,bbcode_n144_k12.npz,wilson_95
bb_n144_k12,0.03,BP-LSD,2,202009,1000,4,0.004,0.0015565881404084308,0.010239556277262253,0.04218413000853616,0.024750000193307642,0.07310500031962856,0.5024950002007244,2.935,7.0,0.971,11.223,19.0,0.155875,0.2638888888888889,independent_z_only,144,12,12.0,72,144,72,144,0.041666666666666664,0.041666666666666664,6.0,6.0,bbcode_n144_k12.npz,wilson_95
bb_n144_k12,0.03,BP-OSD,3,202010,1000,9,0.009,0.004742060667477063,0.01701581616533807,0.03197701496901573,0.021400000150606502,0.04971000007572001,0.27303600070808887,2.825,6.0,0.977,11.143,19.0,0.1547638888888889,0.2638888888888889,independent_z_only,144,12,12.0,72,144,72,144,0.041666666666666664,0.041666666666666664,6.0,6.0,bbcode_n144_k12.npz,wilson_95
bb_n144_k12,0.03,BP-LSD,3,202010,1000,9,0.009,0.004742060667477063,0.01701581616533807,0.03986882301796868,0.023399999918183312,0.05862000052729852,0.5167230099323206,2.805,6.0,0.977,11.143,19.0,0.1547638888888889,0.2638888888888889,independent_z_only,144,12,12.0,72,144,72,144,0.041666666666666664,0.041666666666666664,6.0,6.0,bbcode_n144_k12.npz,wilson_95
bb_n144_k12,0.03,BP-OSD,4,202011,1000,11,0.011,0.006153174098086639,0.019589395700786272,0.034281322003153036,0.02345000029890798,0.0574800004869757,0.24550698866732965,2.642,6.0,0.98,11.039,19.0,0.15331944444444445,0.2638888888888889,independent_z_only,144,12,12.0,72,144,72,144,0.041666666666666664,0.041666666666666664,6.0,6.0,bbcode_n144_k12.npz,wilson_95
bb_n144_k12,0.03,BP-LSD,4,202011,1000,11,0.011,0.006153174098086639,0.019589395700786272,0.03972412795883429,0.02330000097572338,0.06063500113668848,0.41946199937228806,2.631,6.0,0.98,11.039,19.0,0.15331944444444445,0.2638888888888889,independent_z_only,144,12,12.0,72,144,72,144,0.041666666666666664,0.041666666666666664,6.0,6.0,bbcode_n144_k12.npz,wilson_95
bb_n144_k12,0.05,BP-OSD,0,203007,1000,56,0.056,0.043374813385442,0.07202334814973096,0.07545364105135377,0.039649999962421134,0.3032259493920717,0.45660300993404224,7.607,30.0,0.872,16.716,25.0,0.2321666666666667,0.3472222222222222,independent_z_only,144,12,12.0,72,144,72,144,0.041666666666666664,0.041666666666666664,6.0,6.0,bbcode_n144_k12.npz,wilson_95
bb_n144_k12,0.05,BP-LSD,0,203007,1000,56,0.056,0.043374813385442,0.07202334814973096,0.10368636503517337,0.040499999158782884,0.5331250003109743,0.7735990099354239,7.607,30.0,0.872,16.716,25.0,0.2321666666666667,0.3472222222222222,independent_z_only,144,12,12.0,72,144,72,144,0.041666666666666664,0.041666666666666664,6.0,6.0,bbcode_n144_k12.npz,wilson_95
bb_n144_k12,0.05,BP-OSD,1,203008,1000,62,0.062,0.04866418011998064,0.07868806031336564,0.0742502489774779,0.03719999949680641,0.2959509498396073,0.41300899974885397,8.212,30.0,0.854,17.092,25.049999999999955,0.23738888888888887,0.34791666666666604,independent_z_only,144,12,12.0,72,144,72,144,0.041666666666666664,0.041666666666666664,6.0,6.0,bbcode_n144_k12.npz,wilson_95
bb_n144_k12,0.05,BP-LSD,1,203008,1000,62,0.062,0.04866418011998064,0.07868806031336564,0.10179615803463093,0.037850000808248296,0.5305400505676515,0.7796829895232803,8.207,30.0,0.854,17.092,25.049999999999955,0.23738888888888887,0.34791666666666604,independent_z_only,144,12,12.0,72,144,72,144,0.041666666666666664,0.041666666666666664,6.0,6.0,bbcode_n144_k12.npz,wilson_95
bb_n144_k12,0.05,BP-OSD,2,203009,1000,59,0.059,0.04601429821280047,0.07536090277145915,0.066664342994045,0.03389999983482994,0.2654399992934485,0.4256959897429623,7.614,30.0,0.869,16.558,25.0,0.22997222222222222,0.3472222222222222,independent_z_only,144,12,12.0,72,144,72,144,0.041666666666666664,0.041666666666666664,6.0,6.0,bbcode_n144_k12.npz,wilson_95
bb_n144_k12,0.05,BP-LSD,2,203009,1000,59,0.059,0.04601429821280047,0.07536090277145915,0.09447106703191821,0.03525000101944897,0.4732050497295859,0.7826559996101418,7.614,30.0,0.869,16.558,25.0,0.22997222222222222,0.3472222222222222,independent_z_only,144,12,12.0,72,144,72,144,0.041666666666666664,0.041666666666666664,6.0,6.0,bbcode_n144_k12.npz,wilson_95
bb_n144_k12,0.05,BP-OSD,3,203010,1000,43,0.043,0.03207865341171336,0.057419003844084014,0.06940304404088238,0.03499999911582563,0.26266499871780974,0.40505900036805526,7.567,30.0,0.866,16.862,26.0,0.23419444444444443,0.3611111111111111,independent_z_only,144,12,12.0,72,144,72,144,0.041666666666666664,0.041666666666666664,6.0,6.0,bbcode_n144_k12.npz,wilson_95
bb_n144_k12,0.05,BP-LSD,3,203010,1000,43,0.043,0.03207865341171336,0.057419003844084014,0.09588195799733512,0.03719999949680641,0.46601594922321954,0.7904059994689305,7.567,30.0,0.866,16.862,26.0,0.23419444444444443,0.3611111111111111,independent_z_only,144,12,12.0,72,144,72,144,0.041666666666666664,0.041666666666666664,6.0,6.0,bbcode_n144_k12.npz,wilson_95
bb_n144_k12,0.05,BP-OSD,4,203011,1000,66,0.066,0.05221235045948584,0.08310927590597601,0.07295245197201439,0.034499999856052455,0.26893005033343786,0.3516129901436216,8.414,30.0,0.844,16.738,25.0,0.23247222222222222,0.3472222222222222,independent_z_only,144,12,12.0,72,144,72,144,0.041666666666666664,0.041666666666666664,6.0,6.0,bbcode_n144_k12.npz,wilson_95
bb_n144_k12,0.05,BP-LSD,4,203011,1000,66,0.066,0.05221235045948584,0.08310927590597601,0.09478786098952696,0.03245049992983695,0.48045095045381453,0.6704609991538744,8.411,30.0,0.844,16.738,25.0,0.23247222222222222,0.3472222222222222,independent_z_only,144,12,12.0,72,144,72,144,0.041666666666666664,0.041666666666666664,6.0,6.0,bbcode_n144_k12.npz,wilson_95
bb_n64_k10,0.01,BP-OSD,0,300007,1000,0,0.0,2.168404344971009e-19,0.0038267584855551234,0.010021202968346188,0.006000000212225132,0.01800500058379839,0.04842299927986458,1.521,3.0,0.998,2.286,8.0,0.0714375,0.25,independent_z_only,64,10,,32,64,32,64,0.125,0.125,8.0,8.0,bbcode_n64_k10.npz,wilson_95
bb_n64_k10,0.01,BP-LSD,0,300007,1000,0,0.0,2.168404344971009e-19,0.0038267584855551234,0.011820707988590584,0.009899998985929415,0.018199998612544732,0.02660600062881712,1.232,2.0,0.998,2.286,8.0,0.0714375,0.25,independent_z_only,64,10,,32,64,32,64,0.125,0.125,8.0,8.0,bbcode_n64_k10.npz,wilson_95
bb_n64_k10,0.01,BP-OSD,1,300008,1000,2,0.002,0.000548643588120728,0.007262807863492177,0.010184803939409903,0.0091499996415223,0.02190000122936908,0.037435999201989,1.64,3.0,0.998,2.494,8.0,0.0779375,0.25,independent_z_only,64,10,,32,64,32,64,0.125,0.125,8.0,8.0,bbcode_n64_k10.npz,wilson_95
bb_n64_k10,0.01,BP-LSD,1,300008,1000,2,0.002,0.000548643588120728,0.007262807863492177,0.01568571402094676,0.012749999768857379,0.023199998486234108,0.047107000300456996,1.281,2.0,0.998,2.494,8.0,0.0779375,0.25,independent_z_only,64,10,,32,64,32,64,0.125,0.125,8.0,8.0,bbcode_n64_k10.npz,wilson_95
bb_n64_k10,0.01,BP-OSD,2,300009,1000,1,0.001,0.00017654637062607809,0.0056425585979579355,0.009006805978060584,0.006850000318081584,0.019804999737971226,0.03132700005153308,1.657,3.0499999999999545,0.999,2.41,8.0,0.0753125,0.25,independent_z_only,64,10,,32,64,32,64,0.125,0.125,8.0,8.0,bbcode_n64_k10.npz,wilson_95
bb_n64_k10,0.01,BP-LSD,2,300009,1000,1,0.001,0.00017654637062607809,0.0056425585979579355,0.012901610974950017,0.009699999282020144,0.021699999706470408,0.0366400003804301,1.264,2.0,0.999,2.41,8.0,0.0753125,0.25,independent_z_only,64,10,,32,64,32,64,0.125,0.125,8.0,8.0,bbcode_n64_k10.npz,wilson_95
bb_n64_k10,0.01,BP-OSD,3,300010,1000,1,0.001,0.00017654637062607809,0.0056425585979579355,0.00850580605037976,0.00734999957785476,0.017700000171316788,0.027016000058210907,1.392,2.0499999999999545,0.998,2.388,8.0,0.074625,0.25,independent_z_only,64,10,,32,64,32,64,0.125,0.125,8.0,8.0,bbcode_n64_k10.npz,wilson_95
bb_n64_k10,0.01,BP-LSD,3,300010,1000,1,0.001,0.00017654637062607809,0.0056425585979579355,0.01445500495901797,0.009800000043469481,0.019415000315348138,0.0495170003887324,1.229,2.0,0.998,2.388,8.0,0.074625,0.25,independent_z_only,64,10,,32,64,32,64,0.125,0.125,8.0,8.0,bbcode_n64_k10.npz,wilson_95
bb_n64_k10,0.01,BP-OSD,4,300011,1000,0,0.0,2.168404344971009e-19,0.0038267584855551234,0.008453105996522936,0.006600000233447645,0.018805001218424874,0.027837998877657776,1.436,3.0,0.998,2.342,8.0,0.0731875,0.25,independent_z_only,64,10,,32,64,32,64,0.125,0.125,8.0,8.0,bbcode_n64_k10.npz,wilson_95
bb_n64_k10,0.01,BP-LSD,4,300011,1000,0,0.0,2.168404344971009e-19,0.0038267584855551234,0.014251105980292778,0.010200000360782724,0.022909999734110887,0.052200999125489034,1.214,2.0,0.998,2.342,8.0,0.0731875,0.25,independent_z_only,64,10,,32,64,32,64,0.125,0.125,8.0,8.0,bbcode_n64_k10.npz,wilson_95
bb_n64_k10,0.02,BP-OSD,0,301007,1000,8,0.008,0.004059195818806103,0.015706334530980144,0.01708921298813948,0.014200000805431046,0.03440499995122081,0.15380100148831843,2.486,6.0499999999999545,0.983,4.454,10.0,0.1391875,0.3125,independent_z_only,64,10,,32,64,32,64,0.125,0.125,8.0,8.0,bbcode_n64_k10.npz,wilson_95
bb_n64_k10,0.02,BP-LSD,0,301007,1000,8,0.008,0.004059195818806103,0.015706334530980144,0.014668210013041971,0.009900000804918818,0.023205000252346505,0.15062599821249012,2.111,6.0,0.983,4.454,10.0,0.1391875,0.3125,independent_z_only,64,10,,32,64,32,64,0.125,0.125,8.0,8.0,bbcode_n64_k10.npz,wilson_95
bb_n64_k10,0.02,BP-OSD,1,301008,1000,12,0.012,0.006877647806403522,0.02085726847549828,0.011571309998544166,0.00940000063565094,0.02311499947609262,0.10016200034442567,2.252,7.0,0.988,4.408,10.099999999999909,0.13775,0.31562499999999716,independent_z_only,64,10,,32,64,32,64,0.125,0.125,8.0,8.0,bbcode_n64_k10.npz,wilson_95
bb_n64_k10,0.02,BP-LSD,1,301008,1000,12,0.012,0.006877647806403522,0.02085726847549828,0.01510991000031936,0.010199999451288022,0.026410000828036562,0.13594399979410807,2.016,5.0499999999999545,0.988,4.408,10.099999999999909,0.13775,0.31562499999999716,independent_z_only,64,10,,32,64,32,64,0.125,0.125,8.0,8.0,bbcode_n64_k10.npz,wilson_95
bb_n64_k10,0.02,BP-OSD,2,301009,1000,9,0.009,0.004742060667477063,0.01701581616533807,0.013481910011250875,0.00960000033956021,0.025230000846931916,0.13493298991306799,2.642,7.0499999999999545,0.984,4.454,12.0,0.1391875,0.375,independent_z_only,64,10,,32,64,32,64,0.125,0.125,8.0,8.0,bbcode_n64_k10.npz,wilson_95
bb_n64_k10,0.02,BP-LSD,2,301009,1000,9,0.009,0.004742060667477063,0.01701581616533807,0.017614011967452825,0.011749999430321623,0.030210000750230382,0.18298098904779164,2.195,6.0,0.984,4.454,12.0,0.1391875,0.375,independent_z_only,64,10,,32,64,32,64,0.125,0.125,8.0,8.0,bbcode_n64_k10.npz,wilson_95
bb_n64_k10,0.02,BP-OSD,3,301010,1000,9,0.009,0.004742060667477063,0.01701581616533807,0.014647604988567764,0.009800000043469481,0.02811999938785446,0.14983400014898504,2.35,7.0,0.987,4.062,10.0,0.1269375,0.3125,independent_z_only,64,10,,32,64,32,64,0.125,0.125,8.0,8.0,bbcode_n64_k10.npz,wilson_95
bb_n64_k10,0.02,BP-LSD,3,301010,1000,9,0.009,0.004742060667477063,0.01701581616533807,0.01752121098434145,0.010100000508828089,0.025805000041145828,0.24494800061802358,2.013,5.0,0.987,4.062,10.0,0.1269375,0.3125,independent_z_only,64,10,,32,64,32,64,0.125,0.125,8.0,8.0,bbcode_n64_k10.npz,wilson_95
bb_n64_k10,0.02,BP-OSD,4,301011,1000,12,0.012,0.006877647806403522,0.02085726847549828,0.012744209010634222,0.009500001397100277,0.02431500124657758,0.13096799993945746,2.401,7.0,0.984,4.28,10.0,0.13375,0.3125,independent_z_only,64,10,,32,64,32,64,0.125,0.125,8.0,8.0,bbcode_n64_k10.npz,wilson_95
bb_n64_k10,0.02,BP-LSD,4,301011,1000,12,0.012,0.006877647806403522,0.02085726847549828,0.01823321097981534,0.012099999366910197,0.02838000082192586,0.19581899965487518,2.021,4.0499999999999545,0.984,4.28,10.0,0.13375,0.3125,independent_z_only,64,10,,32,64,32,64,0.125,0.125,8.0,8.0,bbcode_n64_k10.npz,wilson_95
bb_n64_k10,0.03,BP-OSD,0,302007,1000,38,0.038,0.02780900450930263,0.05172692033135032,0.021962110991808004,0.01095000061468454,0.1206900014949496,0.18123999914678277,4.603,30.0,0.938,6.152,12.0,0.19225,0.375,independent_z_only,64,10,,32,64,32,64,0.125,0.125,8.0,8.0,bbcode_n64_k10.npz,wilson_95
bb_n64_k10,0.03,BP-LSD,0,302007,1000,38,0.038,0.02780900450930263,0.05172692033135032,0.03091481706360355,0.01610000072105322,0.16242500141743219,0.320099999953527,3.988,30.0,0.938,6.152,12.0,0.19225,0.375,independent_z_only,64,10,,32,64,32,64,0.125,0.125,8.0,8.0,bbcode_n64_k10.npz,wilson_95
bb_n64_k10,0.03,BP-OSD,1,302008,1000,29,0.029,0.02026644815669875,0.04133835833669418,0.0199432169974898,0.011749999430321623,0.047010001344460754,0.17853200039098735,3.848,18.0,0.96,6.274,12.0,0.1960625,0.375,independent_z_only,64,10,,32,64,32,64,0.125,0.125,8.0,8.0,bbcode_n64_k10.npz,wilson_95
bb_n64_k10,0.03,BP-LSD,1,302008,1000,29,0.029,0.02026644815669875,0.04133835833669418,0.023964014935700106,0.013700000636163168,0.048555000012129264,0.2547039996170496,3.43,13.0,0.96,6.274,12.0,0.1960625,0.375,independent_z_only,64,10,,32,64,32,64,0.125,0.125,8.0,8.0,bbcode_n64_k10.npz,wilson_95
bb_n64_k10,0.03,BP-OSD,2,302009,1000,38,0.038,0.02780900450930263,0.05172692033135032,0.019641614017018583,0.011300000551273115,0.09545999992042184,0.15900500105999527,4.328,30.0,0.949,6.046,12.0,0.1889375,0.375,independent_z_only,64,10,,32,64,32,64,0.125,0.125,8.0,8.0,bbcode_n64_k10.npz,wilson_95
bb_n64_k10,0.03,BP-LSD,2,302009,1000,38,0.038,0.02780900450930263,0.05172692033135032,0.027838813002745155,0.014649999684479553,0.12384004958221281,0.26551399894742644,3.793,30.0,0.949,6.046,12.0,0.1889375,0.375,independent_z_only,64,10,,32,64,32,64,0.125,0.125,8.0,8.0,bbcode_n64_k10.npz,wilson_95
bb_n64_k10,0.03,BP-OSD,3,302010,1000,37,0.037,0.026961180875554734,0.05058239748206931,0.0446986299866694,0.018001000171352644,0.15237999923556336,0.25092099873290863,4.151,30.0,0.947,6.058,12.0,0.1893125,0.375,independent_z_only,64,10,,32,64,32,64,0.125,0.125,8.0,8.0,bbcode_n64_k10.npz,wilson_95
bb_n64_k10,0.03,BP-LSD,3,302010,1000,37,0.037,0.026961180875554734,0.05058239748206931,0.04073783100284345,0.017600000319362152,0.1765900007740127,0.3254359995298727,3.734,30.0,0.947,6.058,12.0,0.1893125,0.375,independent_z_only,64,10,,32,64,32,64,0.125,0.125,8.0,8.0,bbcode_n64_k10.npz,wilson_95
bb_n64_k10,0.03,BP-OSD,4,302011,1000,35,0.035,0.02527226301711295,0.04828662237445333,0.04250703398429323,0.02069999936793465,0.17346595050184963,0.3178350006237451,4.251,30.0,0.946,6.35,12.0,0.1984375,0.375,independent_z_only,64,10,,32,64,32,64,0.125,0.125,8.0,8.0,bbcode_n64_k10.npz,wilson_95
bb_n64_k10,0.03,BP-LSD,4,302011,1000,35,0.035,0.02527226301711295,0.04828662237445333,0.05208833799770218,0.02229999972769292,0.23181499882412027,0.4970620004314693,3.932,30.0,0.946,6.35,12.0,0.1984375,0.375,independent_z_only,64,10,,32,64,32,64,0.125,0.125,8.0,8.0,bbcode_n64_k10.npz,wilson_95
bb_n64_k10,0.05,BP-OSD,0,303007,1000,157,0.157,0.1357693269808853,0.18085582934020553,0.08363185602684098,0.027349999982106965,0.2704250015995058,0.8335860002080152,9.309,30.0,0.796,9.044,16.0,0.282625,0.5,independent_z_only,64,10,,32,64,32,64,0.125,0.125,8.0,8.0,bbcode_n64_k10.npz,wilson_95
bb_n64_k10,0.05,BP-LSD,0,303007,1000,158,0.158,0.13670765691270592,0.1819098458914138,0.09510076201695483,0.027399999453336932,0.3716200510098133,0.7028030007495543,8.972,30.0,0.796,9.044,16.0,0.282625,0.5,independent_z_only,64,10,,32,64,32,64,0.125,0.125,8.0,8.0,bbcode_n64_k10.npz,wilson_95
bb_n64_k10,0.05,BP-OSD,1,303008,1000,173,0.173,0.1508192344529515,0.19768346559660158,0.0670094369634171,0.024050000320130493,0.24649999977555126,0.30842899925119116,10.129,30.0,0.771,9.276,16.0,0.289875,0.5,independent_z_only,64,10,,32,64,32,64,0.125,0.125,8.0,8.0,bbcode_n64_k10.npz,wilson_95
bb_n64_k10,0.05,BP-LSD,1,303008,1000,173,0.173,0.1508192344529515,0.19768346559660158,0.07882224002423754,0.02409999979136046,0.29143499905330816,0.4503319902869402,9.837,30.0,0.771,9.276,16.0,0.289875,0.5,independent_z_only,64,10,,32,64,32,64,0.125,0.125,8.0,8.0,bbcode_n64_k10.npz,wilson_95
bb_n64_k10,0.05,BP-OSD,2,303009,1000,186,0.186,0.1631011791493255,0.21130202517960314,0.056568937019619625,0.019999999494757503,0.18970500022987835,0.2495049989920517,10.32,30.0,0.764,9.286,16.0,0.2901875,0.5,independent_z_only,64,10,,32,64,32,64,0.125,0.125,8.0,8.0,bbcode_n64_k10.npz,wilson_95
bb_n64_k10,0.05,BP-LSD,2,303009,1000,186,0.186,0.1631011791493255,0.21130202517960314,0.06719834000614355,0.01990000055229757,0.24472999884892485,0.3339699998286958,9.994,30.0,0.764,9.286,16.0,0.2901875,0.5,independent_z_only,64,10,,32,64,32,64,0.125,0.125,8.0,8.0,bbcode_n64_k10.npz,wilson_95
bb_n64_k10,0.05,BP-OSD,3,303010,1000,157,0.157,0.1357693269808853,0.18085582934020553,0.0533275339530519,0.020850000510108657,0.19757999962166642,0.2651779995358083,9.539,30.0,0.806,8.892,16.0,0.277875,0.5,independent_z_only,64,10,,32,64,32,64,0.125,0.125,8.0,8.0,bbcode_n64_k10.npz,wilson_95
bb_n64_k10,0.05,BP-LSD,3,303010,1000,157,0.157,0.1357693269808853,0.18085582934020553,0.06265853797231102,0.020149999727436807,0.2674750006917747,0.36960800034648855,9.05,30.0,0.806,8.892,16.0,0.277875,0.5,independent_z_only,64,10,,32,64,32,64,0.125,0.125,8.0,8.0,bbcode_n64_k10.npz,wilson_95
bb_n64_k10,0.05,BP-OSD,4,303011,1000,166,0.166,0.1442254718306115,0.19033080283773937,0.052017231970239663,0.02010000025620684,0.20063499960087935,0.2663670006222672,9.365,30.0,0.8,9.094,16.0,0.2841875,0.5,independent_z_only,64,10,,32,64,32,64,0.125,0.125,8.0,8.0,bbcode_n64_k10.npz,wilson_95
bb_n64_k10,0.05,BP-LSD,4,303011,1000,166,0.166,0.1442254718306115,0.19033080283773937,0.06401604199527355,0.019299999621580355,0.26500999883865006,0.37361899987445213,8.99,30.0,0.8,9.094,16.0,0.2841875,0.5,independent_z_only,64,10,,32,64,32,64,0.125,0.125,8.0,8.0,bbcode_n64_k10.npz,wilson_95
bb_n80_k6,0.01,BP-OSD,0,400007,1000,0,0.0,2.168404344971009e-19,0.0038267584855551234,0.011561904009795398,0.011100000847363845,0.0246049999987008,0.04190200072116568,1.387,3.0,0.998,2.878,8.0,0.07195,0.2,independent_z_only,80,6,,40,80,40,80,0.1,0.1,8.0,8.0,bbcode_n80_k6.npz,wilson_95
bb_n80_k6,0.01,BP-LSD,0,400007,1000,0,0.0,2.168404344971009e-19,0.0038267584855551234,0.017267007011469104,0.012200000128359534,0.025505001303827154,0.0431059992479275,1.218,2.0,0.998,2.878,8.0,0.07195,0.2,independent_z_only,80,6,,40,80,40,80,0.1,0.1,8.0,8.0,bbcode_n80_k6.npz,wilson_95
bb_n80_k6,0.01,BP-OSD,1,400008,1000,0,0.0,2.168404344971009e-19,0.0038267584855551234,0.013288111009387649,0.011699999959091656,0.02640999909999663,0.037500999969779514,1.314,2.0,0.999,2.914,8.0,0.07285,0.2,independent_z_only,80,6,,40,80,40,80,0.1,0.1,8.0,8.0,bbcode_n80_k6.npz,wilson_95
bb_n80_k6,0.01,BP-LSD,1,400008,1000,0,0.0,2.168404344971009e-19,0.0038267584855551234,0.018716809023317182,0.012949999472766649,0.02680000034160912,0.06747100025677348,1.18,2.0,0.999,2.914,8.0,0.07285,0.2,independent_z_only,80,6,,40,80,40,80,0.1,0.1,8.0,8.0,bbcode_n80_k6.npz,wilson_95
bb_n80_k6,0.01,BP-OSD,2,400009,1000,1,0.001,0.00017654637062607809,0.0056425585979579355,0.01222690901340684,0.01199999860546086,0.02471000070727313,0.042707999546109925,1.312,2.0,0.999,2.978,8.0,0.07445,0.2,independent_z_only,80,6,,40,80,40,80,0.1,0.1,8.0,8.0,bbcode_n80_k6.npz,wilson_95
bb_n80_k6,0.01,BP-LSD,2,400009,1000,1,0.001,0.00017654637062607809,0.0056425585979579355,0.017822305951995077,0.012999998943996616,0.02730500045799999,0.06182800050737557,1.19,2.0,0.999,2.978,8.0,0.07445,0.2,independent_z_only,80,6,,40,80,40,80,0.1,0.1,8.0,8.0,bbcode_n80_k6.npz,wilson_95
bb_n80_k6,0.01,BP-OSD,3,400010,1000,0,0.0,2.168404344971009e-19,0.0038267584855551234,0.013540810019549099,0.012000000424450263,0.026205001086054832,0.039118999411584796,1.385,3.0,0.999,3.006,8.0,0.07515,0.2,independent_z_only,80,6,,40,80,40,80,0.1,0.1,8.0,8.0,bbcode_n80_k6.npz,wilson_95
bb_n80_k6,0.01,BP-LSD,3,400010,1000,0,0.0,2.168404344971009e-19,0.0038267584855551234,0.01685040901065804,0.012900000001536682,0.026410000918986033,0.07708100059971905,1.198,2.0,0.999,3.006,8.0,0.07515,0.2,independent_z_only,80,6,,40,80,40,80,0.1,0.1,8.0,8.0,bbcode_n80_k6.npz,wilson_95
bb_n80_k6,0.01,BP-OSD,4,400011,1000,0,0.0,2.168404344971009e-19,0.0038267584855551234,0.015489408988287323,0.012299999070819467,0.02840499973899568,0.0572029989962175,1.268,2.0,1.0,2.94,8.0,0.0735,0.2,independent_z_only,80,6,,40,80,40,80,0.1,0.1,8.0,8.0,bbcode_n80_k6.npz,wilson_95
bb_n80_k6,0.01,BP-LSD,4,400011,1000,0,0.0,2.168404344971009e-19,0.0038267584855551234,0.01651601197954733,0.012999998943996616,0.02612000043882288,0.04160300024523167,1.162,2.0,1.0,2.94,8.0,0.0735,0.2,independent_z_only,80,6,,40,80,40,80,0.1,0.1,8.0,8.0,bbcode_n80_k6.npz,wilson_95
bb_n80_k6,0.02,BP-OSD,0,401007,1000,3,0.003,0.0010207838811386186,0.008783014053503173,0.01888911197784182,0.014799999917158857,0.0339049998729024,0.09156800004348037,2.052,5.0,0.995,5.692,12.0,0.1423,0.3,independent_z_only,80,6,,40,80,40,80,0.1,0.1,8.0,8.0,bbcode_n80_k6.npz,wilson_95
bb_n80_k6,0.02,BP-LSD,0,401007,1000,3,0.003,0.0010207838811386186,0.008783014053503173,0.01941801602515625,0.01449999945180025,0.03200499995728023,0.054103000857139705,1.858,5.0,0.995,5.692,12.0,0.1423,0.3,independent_z_only,80,6,,40,80,40,80,0.1,0.1,8.0,8.0,bbcode_n80_k6.npz,wilson_95
bb_n80_k6,0.02,BP-OSD,1,401008,1000,1,0.001,0.00017654637062607809,0.0056425585979579355,0.016675413035045494,0.012599999536178075,0.029829999584762817,0.0807140014876495,2.062,5.0,0.995,5.414,12.0,0.13535,0.3,independent_z_only,80,6,,40,80,40,80,0.1,0.1,8.0,8.0,bbcode_n80_k6.npz,wilson_95
bb_n80_k6,0.02,BP-LSD,1,401008,1000,1,0.001,0.00017654637062607809,0.0056425585979579355,0.018260309003380826,0.013099999705445953,0.029799999538226984,0.0653570006397785,1.789,4.0,0.995,5.414,12.0,0.13535,0.3,independent_z_only,80,6,,40,80,40,80,0.1,0.1,8.0,8.0,bbcode_n80_k6.npz,wilson_95
bb_n80_k6,0.02,BP-OSD,2,401009,1000,2,0.002,0.000548643588120728,0.007262807863492177,0.019109409013253753,0.014199998986441642,0.03371000011611613,0.14140099983706023,2.169,6.0,0.992,5.594,12.0,0.13985,0.3,independent_z_only,80,6,,40,80,40,80,0.1,0.1,8.0,8.0,bbcode_n80_k6.npz,wilson_95
bb_n80_k6,0.02,BP-LSD,2,401009,1000,2,0.002,0.000548643588120728,0.007262807863492177,0.02018641303948243,0.014400000509340316,0.03212000065104801,0.09231999947587571,1.93,4.0,0.992,5.594,12.0,0.13985,0.3,independent_z_only,80,6,,40,80,40,80,0.1,0.1,8.0,8.0,bbcode_n80_k6.npz,wilson_95
bb_n80_k6,0.02,BP-OSD,3,401010,1000,3,0.003,0.0010207838811386186,0.008783014053503173,0.016586111014476046,0.01230000088980887,0.03033499970115369,0.09864599955108129,1.977,5.0,0.993,5.644,12.0,0.1411,0.3,independent_z_only,80,6,,40,80,40,80,0.1,0.1,8.0,8.0,bbcode_n80_k6.npz,wilson_95
bb_n80_k6,0.02,BP-LSD,3,401010,1000,3,0.003,0.0010207838811386186,0.008783014053503173,0.021501814990187995,0.014299999747890979,0.03420500024731154,0.12373399949865367,1.835,4.0,0.993,5.644,12.0,0.1411,0.3,independent_z_only,80,6,,40,80,40,80,0.1,0.1,8.0,8.0,bbcode_n80_k6.npz,wilson_95
bb_n80_k6,0.02,BP-OSD,4,401011,1000,2,0.002,0.000548643588120728,0.007262807863492177,0.01555441101299948,0.011699999959091656,0.02719999974942766,0.04863600081080218,1.893,4.0,0.995,5.558,12.0,0.13895,0.3,independent_z_only,80,6,,40,80,40,80,0.1,0.1,8.0,8.0,bbcode_n80_k6.npz,wilson_95
bb_n80_k6,0.02,BP-LSD,4,401011,1000,2,0.002,0.000548643588120728,0.007262807863492177,0.017320310003924533,0.012500000593718141,0.027804998899227936,0.07005400004345569,1.742,4.0,0.995,5.558,12.0,0.13895,0.3,independent_z_only,80,6,,40,80,40,80,0.1,0.1,8.0,8.0,bbcode_n80_k6.npz,wilson_95
bb_n80_k6,0.03,BP-OSD,0,402007,1000,22,0.022,0.014572707764791058,0.03308567334739963,0.029866814986235113,0.018400000044493936,0.06754595069651245,0.30667799901493703,3.745,15.0,0.958,7.818,16.0,0.19544999999999998,0.4,independent_z_only,80,6,,40,80,40,80,0.1,0.1,8.0,8.0,bbcode_n80_k6.npz,wilson_95
bb_n80_k6,0.03,BP-LSD,0,402007,1000,22,0.022,0.014572707764791058,0.03308567334739963,0.029888916038544266,0.014400000509340316,0.05221500041443477,0.37068499887027423,3.535,11.149999999999864,0.958,7.818,16.0,0.19544999999999998,0.4,independent_z_only,80,6,,40,80,40,80,0.1,0.1,8.0,8.0,bbcode_n80_k6.npz,wilson_95
bb_n80_k6,0.03,BP-OSD,1,402008,1000,11,0.011,0.006153174098086639,0.019589395700786272,0.02221230898248905,0.013999999282532372,0.038694999329891205,0.23049999981594738,3.417,11.0,0.976,7.722,14.0,0.19305,0.35,independent_z_only,80,6,,40,80,40,80,0.1,0.1,8.0,8.0,bbcode_n80_k6.npz,wilson_95
bb_n80_k6,0.03,BP-LSD,1,402008,1000,11,0.011,0.006153174098086639,0.019589395700786272,0.03161611801624531,0.0213999992411118,0.047615000494261026,0.39650600068853226,3.135,9.0,0.976,7.722,14.0,0.19305,0.35,independent_z_only,80,6,,40,80,40,80,0.1,0.1,8.0,8.0,bbcode_n80_k6.npz,wilson_95
bb_n80_k6,0.03,BP-OSD,2,402009,1000,19,0.019,0.012196885750790904,0.02948445591231312,0.0341941219940054,0.021699999706470408,0.10453095046614168,0.33079100063332584,3.822,25.09999999999991,0.958,7.788,14.0,0.1947,0.35,independent_z_only,80,6,,40,80,40,80,0.1,0.1,8.0,8.0,bbcode_n80_k6.npz,wilson_95
bb_n80_k6,0.03,BP-LSD,2,402009,1000,19,0.019,0.012196885750790904,0.02948445591231312,0.03989512301086506,0.020849999600613955,0.11147595105285284,0.47700900064228324,3.568,15.049999999999955,0.958,7.788,14.0,0.1947,0.35,independent_z_only,80,6,,40,80,40,80,0.1,0.1,8.0,8.0,bbcode_n80_k6.npz,wilson_95
bb_n80_k6,0.03,BP-OSD,3,402010,1000,20,0.02,0.012983682916415136,0.030690005229717786,0.027956920017459197,0.015949999578879215,0.06676500033790939,0.29847498886738316,3.517,15.0,0.962,7.676,16.0,0.19190000000000002,0.4,independent_z_only,80,6,,40,80,40,80,0.1,0.1,8.0,8.0,bbcode_n80_k6.npz,wilson_95
bb_n80_k6,0.03,BP-LSD,3,402010,1000,20,0.02,0.012983682916415136,0.030690005229717786,0.030073615997025627,0.014600000213249587,0.05820499936817213,0.3582679990358883,3.347,12.0,0.962,7.676,16.0,0.19190000000000002,0.4,independent_z_only,80,6,,40,80,40,80,0.1,0.1,8.0,8.0,bbcode_n80_k6.npz,wilson_95
bb_n80_k6,0.03,BP-OSD,4,402011,1000,14,0.014,0.00835757513042392,0.02336203411753566,0.0271787189940369,0.01795000116544543,0.052145000154268886,0.240627998518903,3.387,10.049999999999955,0.973,7.864,14.0,0.1966,0.35,independent_z_only,80,6,,40,80,40,80,0.1,0.1,8.0,8.0,bbcode_n80_k6.npz,wilson_95
bb_n80_k6,0.03,BP-LSD,4,402011,1000,14,0.014,0.00835757513042392,0.02336203411753566,0.0273180110125395,0.015250000615196768,0.047015001291583744,0.36231199932444724,3.226,9.049999999999955,0.973,7.864,14.0,0.1966,0.35,independent_z_only,80,6,,40,80,40,80,0.1,0.1,8.0,8.0,bbcode_n80_k6.npz,wilson_95
bb_n80_k6,0.05,BP-OSD,0,403007,1000,122,0.122,0.10314874471332984,0.14374428470174982,0.07289863898586191,0.02429999949526973,0.2770509514448349,0.39111500034778146,9.777,30.0,0.784,11.372,18.0,0.2843,0.45,independent_z_only,80,6,,40,80,40,80,0.1,0.1,8.0,8.0,bbcode_n80_k6.npz,wilson_95
bb_n80_k6,0.05,BP-LSD,0,403007,1000,122,0.122,0.10314874471332984,0.14374428470174982,0.09152545196047868,0.022700000045006163,0.3888050009663857,0.525574990097084,9.556,30.0,0.784,11.372,18.0,0.2843,0.45,independent_z_only,80,6,,40,80,40,80,0.1,0.1,8.0,8.0,bbcode_n80_k6.npz,wilson_95
bb_n80_k6,0.05,BP-OSD,1,403008,1000,123,0.123,0.10407414325107295,0.1448112326470356,0.06750824293885671,0.022199999875738285,0.285864999204932,0.3854389998377882,8.863,30.0,0.813,11.338,18.0,0.28345,0.45,independent_z_only,80,6,,40,80,40,80,0.1,0.1,8.0,8.0,bbcode_n80_k6.npz,wilson_95
bb_n80_k6,0.05,BP-LSD,1,403008,1000,123,0.123,0.10407414325107295,0.1448112326470356,0.08535395299259108,0.02229999881819822,0.3922399996554304,0.5782250011907308,8.741,30.0,0.813,11.338,18.0,0.28345,0.45,independent_z_only,80,6,,40,80,40,80,0.1,0.1,8.0,8.0,bbcode_n80_k6.npz,wilson_95
bb_n80_k6,0.05,BP-OSD,2,403009,1000,127,0.127,0.10778000925843848,0.14907475257178568,0.06724284203664865,0.023249999685504008,0.2671499984899128,0.3420260004168084,9.288,30.0,0.798,11.384,18.0,0.2846,0.45,independent_z_only,80,6,,40,80,40,80,0.1,0.1,8.0,8.0,bbcode_n80_k6.npz,wilson_95
bb_n80_k6,0.05,BP-LSD,2,403009,1000,127,0.127,0.10778000925843848,0.14907475257178568,0.09682645699831482,0.026200000320386607,0.44043499874533126,0.5930210006590642,9.194,30.0,0.798,11.384,18.0,0.2846,0.45,independent_z_only,80,6,,40,80,40,80,0.1,0.1,8.0,8.0,bbcode_n80_k6.npz,wilson_95
bb_n80_k6,0.05,BP-OSD,3,403010,1000,123,0.123,0.10407414325107295,0.1448112326470356,0.07247074295992206,0.025299999833805487,0.28365999860398,0.3845729992099222,9.63,30.0,0.794,11.41,18.0,0.28525,0.45,independent_z_only,80,6,,40,80,40,80,0.1,0.1,8.0,8.0,bbcode_n80_k6.npz,wilson_95
bb_n80_k6,0.05,BP-LSD,3,403010,1000,123,0.123,0.10407414325107295,0.1448112326470356,0.09338055702210113,0.024599999960628338,0.4181309490377316,0.5309779886192699,9.49,30.0,0.794,11.41,18.0,0.28525,0.45,independent_z_only,80,6,,40,80,40,80,0.1,0.1,8.0,8.0,bbcode_n80_k6.npz,wilson_95
bb_n80_k6,0.05,BP-OSD,4,403011,1000,139,0.139,0.11893638905078911,0.16182653057578172,0.06930654401185166,0.021750000996689778,0.26080505058416736,0.33792600013839535,9.691,30.0,0.782,11.314,18.0,0.28285,0.45,independent_z_only,80,6,,40,80,40,80,0.1,0.1,8.0,8.0,bbcode_n80_k6.npz,wilson_95
bb_n80_k6,0.05,BP-LSD,4,403011,1000,139,0.139,0.11893638905078911,0.16182653057578172,0.08847435197640152,0.02210000002378365,0.3632050006672216,0.5036479888804024,9.486,30.0,0.782,11.314,18.0,0.28285,0.45,independent_z_only,80,6,,40,80,40,80,0.1,0.1,8.0,8.0,bbcode_n80_k6.npz,wilson_95
bb_n108_k4,0.01,BP-OSD,0,500007,1000,1,0.001,0.00017654637062607809,0.0056425585979579355,0.018179911996412557,0.014900000678608194,0.03409999953873921,0.053102000510989456,1.227,2.0,1.0,4.286,12.0,0.07937037037037037,0.2222222222222222,independent_z_only,108,4,,54,108,54,108,0.07407407407407407,0.07407407407407407,8.0,8.0,bbcode_n108_k4.npz,wilson_95
bb_n108_k4,0.01,BP-LSD,0,500007,1000,1,0.001,0.00017654637062607809,0.0056425585979579355,0.019690310018631862,0.015099998563528061,0.03149999974993989,0.04722500105344805,1.163,2.0,1.0,4.286,12.0,0.07937037037037037,0.2222222222222222,independent_z_only,108,4,,54,108,54,108,0.07407407407407407,0.07407407407407407,8.0,8.0,bbcode_n108_k4.npz,wilson_95
bb_n108_k4,0.01,BP-OSD,1,500008,1000,2,0.002,0.000548643588120728,0.007262807863492177,0.019115701026748866,0.015199999324977398,0.03570000080799218,0.08902399920771129,1.311,2.0,1.0,4.084,12.0,0.07562962962962962,0.2222222222222222,independent_z_only,108,4,,54,108,54,108,0.07407407407407407,0.07407407407407407,8.0,8.0,bbcode_n108_k4.npz,wilson_95
bb_n108_k4,0.01,BP-LSD,1,500008,1000,2,0.002,0.000548643588120728,0.007262807863492177,0.020212901996274013,0.015499999790336005,0.03219999971406651,0.0686119985039113,1.227,2.0,1.0,4.084,12.0,0.07562962962962962,0.2222222222222222,independent_z_only,108,4,,54,108,54,108,0.07407407407407407,0.07407407407407407,8.0,8.0,bbcode_n108_k4.npz,wilson_95
bb_n108_k4,0.01,BP-OSD,2,500009,1000,0,0.0,2.168404344971009e-19,0.0038267584855551234,0.015337201020884095,0.014999999621068127,0.030104999950708585,0.04239999909259495,1.219,2.0,1.0,3.83,10.0,0.07092592592592593,0.18518518518518517,independent_z_only,108,4,,54,108,54,108,0.07407407407407407,0.07407407407407407,8.0,8.0,bbcode_n108_k4.npz,wilson_95
bb_n108_k4,0.01,BP-LSD,2,500009,1000,0,0.0,2.168404344971009e-19,0.0038267584855551234,0.020901902003970463,0.015800000255694613,0.03219999962311704,0.06160099974295008,1.141,2.0,1.0,3.83,10.0,0.07092592592592593,0.18518518518518517,independent_z_only,108,4,,54,108,54,108,0.07407407407407407,0.07407407407407407,8.0,8.0,bbcode_n108_k4.npz,wilson_95
bb_n108_k4,0.01,BP-OSD,3,500010,1000,1,0.001,0.00017654637062607809,0.0056425585979579355,0.015790302015375346,0.014900000678608194,0.030715000866621253,0.06456700000853738,1.242,2.0,1.0,4.004,10.099999999999909,0.07414814814814814,0.18703703703703536,independent_z_only,108,4,,54,108,54,108,0.07407407407407407,0.07407407407407407,8.0,8.0,bbcode_n108_k4.npz,wilson_95
bb_n108_k4,0.01,BP-LSD,3,500010,1000,1,0.001,0.00017654637062607809,0.0056425585979579355,0.02958450101868948,0.02679999943211442,0.042499999835854396,0.09193200052322924,1.175,2.0,1.0,4.004,10.099999999999909,0.07414814814814814,0.18703703703703536,independent_z_only,108,4,,54,108,54,108,0.07407407407407407,0.07407407407407407,8.0,8.0,bbcode_n108_k4.npz,wilson_95
bb_n108_k4,0.01,BP-OSD,4,500011,1000,3,0.003,0.0010207838811386186,0.008783014053503173,0.0257993020095455,0.01920000067912042,0.04630500143321114,0.13583999905677044,1.289,2.0,0.999,4.138,10.0,0.07662962962962963,0.18518518518518517,independent_z_only,108,4,,54,108,54,108,0.07407407407407407,0.07407407407407407,8.0,8.0,bbcode_n108_k4.npz,wilson_95
bb_n108_k4,0.01,BP-LSD,4,500011,1000,3,0.003,0.0010207838811386186,0.008783014053503173,0.03168720400935854,0.029149999136279803,0.05131000125402351,0.11487800025861344,1.216,2.0,0.999,4.138,10.0,0.07662962962962963,0.18518518518518517,independent_z_only,108,4,,54,108,54,108,0.07407407407407407,0.07407407407407407,8.0,8.0,bbcode_n108_k4.npz,wilson_95
bb_n108_k4,0.02,BP-OSD,0,501007,1000,4,0.004,0.0015565881404084308,0.010239556277262253,0.031250901985913515,0.02990000029967632,0.05210500021348707,0.10304500136044212,1.726,4.0,1.0,7.498,16.0,0.13885185185185187,0.2962962962962963,independent_z_only,108,4,,54,108,54,108,0.07407407407407407,0.07407407407407407,8.0,8.0,bbcode_n108_k4.npz,wilson_95
bb_n108_k4,0.02,BP-LSD,0,501007,1000,4,0.004,0.0015565881404084308,0.010239556277262253,0.027390502023990848,0.02254999981232686,0.04702999949586226,0.13433499854727413,1.635,4.0,1.0,7.498,16.0,0.13885185185185187,0.2962962962962963,independent_z_only,108,4,,54,108,54,108,0.07407407407407407,0.07407407407407407,8.0,8.0,bbcode_n108_k4.npz,wilson_95
bb_n108_k4,0.02,BP-OSD,1,501008,1000,5,0.005,0.0021375355273244596,0.011650955373375113,0.025421101978281513,0.020649999896704685,0.045114999647921636,0.07394300064333943,1.757,4.0,0.998,7.408,16.0,0.1371851851851852,0.2962962962962963,independent_z_only,108,4,,54,108,54,108,0.07407407407407407,0.07407407407407407,8.0,8.0,bbcode_n108_k4.npz,wilson_95
bb_n108_k4,0.02,BP-LSD,1,501008,1000,5,0.005,0.0021375355273244596,0.011650955373375113,0.023097301987945684,0.018400000044493936,0.03750500000023748,0.05644900016704919,1.643,3.0499999999999545,0.998,7.408,16.0,0.1371851851851852,0.2962962962962963,independent_z_only,108,4,,54,108,54,108,0.07407407407407407,0.07407407407407407,8.0,8.0,bbcode_n108_k4.npz,wilson_95
bb_n108_k4,0.02,BP-OSD,2,501009,1000,4,0.004,0.0015565881404084308,0.010239556277262253,0.023244200034241658,0.018200000340584666,0.04100499936612322,0.0673040012952697,1.732,4.0,0.998,7.384,16.0,0.13674074074074075,0.2962962962962963,independent_z_only,108,4,,54,108,54,108,0.07407407407407407,0.07407407407407407,8.0,8.0,bbcode_n108_k4.npz,wilson_95
bb_n108_k4,0.02,BP-LSD,2,501009,1000,4,0.004,0.0015565881404084308,0.010239556277262253,0.025016103987582028,0.018599999748403206,0.043005000043194734,0.08532800013199446,1.649,4.0,0.998,7.384,16.0,0.13674074074074075,0.2962962962962963,independent_z_only,108,4,,54,108,54,108,0.07407407407407407,0.07407407407407407,8.0,8.0,bbcode_n108_k4.npz,wilson_95
bb_n108_k4,0.02,BP-OSD,3,501010,1000,2,0.002,0.000548643588120728,0.007262807863492177,0.02231760298855079,0.018000000636675395,0.03760000072361436,0.061919000218040296,1.828,4.0,0.998,7.516,16.0,0.1391851851851852,0.2962962962962963,independent_z_only,108,4,,54,108,54,108,0.07407407407407407,0.07407407407407407,8.0,8.0,bbcode_n108_k4.npz,wilson_95
bb_n108_k4,0.02,BP-LSD,3,501010,1000,2,0.002,0.000548643588120728,0.007262807863492177,0.02312670001811057,0.016799999684735667,0.03650500138974166,0.12451999849872662,1.7,4.0,0.998,7.516,16.0,0.1391851851851852,0.2962962962962963,independent_z_only,108,4,,54,108,54,108,0.07407407407407407,0.07407407407407407,8.0,8.0,bbcode_n108_k4.npz,wilson_95
bb_n108_k4,0.02,BP-OSD,4,501011,1000,3,0.003,0.0010207838811386186,0.008783014053503173,0.01958480098437576,0.01610000072105322,0.036004999401484376,0.058964000254490966,1.779,4.0,0.998,7.422,16.0,0.13744444444444445,0.2962962962962963,independent_z_only,108,4,,54,108,54,108,0.07407407407407407,0.07407407407407407,8.0,8.0,bbcode_n108_k4.npz,wilson_95
bb_n108_k4,0.02,BP-LSD,4,501011,1000,3,0.003,0.0010207838811386186,0.008783014053503173,0.024081102001218824,0.018000000636675395,0.04081500137544934,0.09242699963579068,1.697,4.0,0.998,7.422,16.0,0.13744444444444445,0.2962962962962963,independent_z_only,108,4,,54,108,54,108,0.07407407407407407,0.07407407407407407,8.0,8.0,bbcode_n108_k4.npz,wilson_95
bb_n108_k4,0.03,BP-OSD,0,502007,1000,14,0.014,0.00835757513042392,0.02336203411753566,0.027383301998270326,0.018400000044493936,0.05037000091760995,0.2564290011650879,3.065,9.0,0.984,10.518,18.09999999999991,0.1947777777777778,0.3351851851851835,independent_z_only,108,4,,54,108,54,108,0.07407407407407407,0.07407407407407407,8.0,8.0,bbcode_n108_k4.npz,wilson_95
bb_n108_k4,0.03,BP-LSD,0,502007,1000,14,0.014,0.00835757513042392,0.02336203411753566,0.0361245020521892,0.025400000595254824,0.05875000124433422,0.45354600073551404,2.938,8.0,0.984,10.518,18.09999999999991,0.1947777777777778,0.3351851851851835,independent_z_only,108,4,,54,108,54,108,0.07407407407407407,0.07407407407407407,8.0,8.0,bbcode_n108_k4.npz,wilson_95
bb_n108_k4,0.03,BP-OSD,1,502008,1000,21,0.021,0.013775739567924286,0.03189029506123752,0.03250690299501002,0.020700000277429353,0.06483000051957785,0.3325629997925716,3.226,10.0,0.981,10.518,18.0,0.1947777777777778,0.3333333333333333,independent_z_only,108,4,,54,108,54,108,0.07407407407407407,0.07407407407407407,8.0,8.0,bbcode_n108_k4.npz,wilson_95
bb_n108_k4,0.03,BP-LSD,1,502008,1000,21,0.021,0.013775739567924286,0.03189029506123752,0.03896990099201503,0.022850000277685467,0.06360000043059699,0.5325700012326705,3.164,10.0,0.981,10.518,18.0,0.1947777777777778,0.3333333333333333,independent_z_only,108,4,,54,108,54,108,0.07407407407407407,0.07407407407407407,8.0,8.0,bbcode_n108_k4.npz,wilson_95
bb_n108_k4,0.03,BP-OSD,2,502009,1000,33,0.033,0.023592927958426907,0.04598126446708159,0.042823102045076666,0.027450000743556302,0.0762300000133109,0.4891280007723253,3.513,10.049999999999955,0.973,10.754,20.0,0.19914814814814813,0.37037037037037035,independent_z_only,108,4,,54,108,54,108,0.07407407407407407,0.07407407407407407,8.0,8.0,bbcode_n108_k4.npz,wilson_95
bb_n108_k4,0.03,BP-LSD,2,502009,1000,33,0.033,0.023592927958426907,0.04598126446708159,0.03770450193587749,0.020399999812070746,0.06279999979597051,0.5381510009829071,3.424,10.0,0.973,10.754,20.0,0.19914814814814813,0.37037037037037035,independent_z_only,108,4,,54,108,54,108,0.07407407407407407,0.07407407407407407,8.0,8.0,bbcode_n108_k4.npz,wilson_95
bb_n108_k4,0.03,BP-OSD,3,502010,1000,18,0.018,0.011415740009567788,0.028273255170507345,0.02943600203070673,0.018700000509852543,0.04612999991877584,0.35483901041516214,3.072,8.0,0.979,10.6,18.09999999999991,0.1962962962962963,0.3351851851851835,independent_z_only,108,4,,54,108,54,108,0.07407407407407407,0.07407407407407407,8.0,8.0,bbcode_n108_k4.npz,wilson_95
bb_n108_k4,0.03,BP-LSD,3,502010,1000,18,0.018,0.011415740009567788,0.028273255170507345,0.047357702011140645,0.02460000087012304,0.07160500126701663,0.6757160014240062,3.015,8.0,0.979,10.6,18.09999999999991,0.1962962962962963,0.3351851851851835,independent_z_only,108,4,,54,108,54,108,0.07407407407407407,0.07407407407407407,8.0,8.0,bbcode_n108_k4.npz,wilson_95
bb_n108_k4,0.03,BP-OSD,4,502011,1000,23,0.023,0.015374276932992918,0.03427645066222667,0.0380103010302264,0.026250000701111276,0.07139999988794443,0.36148700004559914,3.143,8.049999999999955,0.98,10.726,18.0,0.19862962962962966,0.3333333333333333,independent_z_only,108,4,,54,108,54,108,0.07407407407407407,0.07407407407407407,8.0,8.0,bbcode_n108_k4.npz,wilson_95
bb_n108_k4,0.03,BP-LSD,4,502011,1000,23,0.023,0.015374276932992918,0.03427645066222667,0.03957630197692197,0.022899999748915434,0.06555499867317843,0.5930879997322329,3.087,8.0,0.98,10.726,18.0,0.19862962962962966,0.3333333333333333,independent_z_only,108,4,,54,108,54,108,0.07407407407407407,0.07407407407407407,8.0,8.0,bbcode_n108_k4.npz,wilson_95
bb_n108_k4,0.05,BP-OSD,0,503007,1000,104,0.104,0.08657102809826807,0.12445976462229157,0.07569750699076394,0.02949999998236308,0.3624799993303894,0.5238579994329484,8.001,30.0,0.863,15.07,22.0,0.2790740740740741,0.4074074074074074,independent_z_only,108,4,,54,108,54,108,0.07407407407407407,0.07407407407407407,8.0,8.0,bbcode_n108_k4.npz,wilson_95
bb_n108_k4,0.05,BP-LSD,0,503007,1000,104,0.104,0.08657102809826807,0.12445976462229157,0.1011939059735596,0.03280000055383425,0.5547509495954722,0.8434420002777187,7.982,30.0,0.863,15.07,22.0,0.2790740740740741,0.4074074074074074,independent_z_only,108,4,,54,108,54,108,0.07407407407407407,0.07407407407407407,8.0,8.0,bbcode_n108_k4.npz,wilson_95
bb_n108_k4,0.05,BP-OSD,1,503008,1000,134,0.134,0.11428107599412643,0.15652011121729995,0.07357910508471832,0.027249999220657628,0.3468300012173131,0.43962501038549817,8.718,30.0,0.839,15.436,24.0,0.28585185185185186,0.4444444444444444,independent_z_only,108,4,,54,108,54,108,0.07407407407407407,0.07407407407407407,8.0,8.0,bbcode_n108_k4.npz,wilson_95
bb_n108_k4,0.05,BP-LSD,1,503008,1000,134,0.134,0.11428107599412643,0.15652011121729995,0.11309310801516403,0.031200000194075983,0.6063500000891509,0.8448170003066476,8.712,30.0,0.839,15.436,24.0,0.28585185185185186,0.4444444444444444,independent_z_only,108,4,,54,108,54,108,0.07407407407407407,0.07407407407407407,8.0,8.0,bbcode_n108_k4.npz,wilson_95
bb_n108_k4,0.05,BP-OSD,2,503009,1000,123,0.123,0.10407414325107295,0.1448112326470356,0.08718900701751409,0.03245000061724568,0.39974500132302626,0.5711949994292808,8.543,30.0,0.842,15.47,24.0,0.2864814814814815,0.4444444444444444,independent_z_only,108,4,,54,108,54,108,0.07407407407407407,0.07407407407407407,8.0,8.0,bbcode_n108_k4.npz,wilson_95
bb_n108_k4,0.05,BP-LSD,2,503009,1000,123,0.123,0.10407414325107295,0.1448112326470356,0.11320041101316747,0.03260000084992498,0.6216049990143798,0.8458610011075507,8.5,30.0,0.842,15.47,24.0,0.2864814814814815,0.4444444444444444,independent_z_only,108,4,,54,108,54,108,0.07407407407407407,0.07407407407407407,8.0,8.0,bbcode_n108_k4.npz,wilson_95
bb_n108_k4,0.05,BP-OSD,3,503010,1000,116,0.116,0.09760567703963383,0.13733327347727253,0.08560280796336883,0.029550000363087747,0.38602595013799146,0.5250169997634655,8.938,30.0,0.838,15.334,24.0,0.283962962962963,0.4444444444444444,independent_z_only,108,4,,54,108,54,108,0.07407407407407407,0.07407407407407407,8.0,8.0,bbcode_n108_k4.npz,wilson_95
bb_n108_k4,0.05,BP-LSD,3,503010,1000,116,0.116,0.09760567703963383,0.13733327347727253,0.13936520998868218,0.03345000004628673,0.7030150009995847,0.9449910000694215,8.865,30.0,0.838,15.334,24.0,0.283962962962963,0.4444444444444444,independent_z_only,108,4,,54,108,54,108,0.07407407407407407,0.07407407407407407,8.0,8.0,bbcode_n108_k4.npz,wilson_95
bb_n108_k4,0.05,BP-OSD,4,503011,1000,100,0.1,0.08290944359309571,0.1201519631953484,0.08325380598580523,0.03255000046920031,0.40667000021130656,0.5855959999462356,8.149,30.0,0.865,15.272,24.0,0.2828148148148148,0.4444444444444444,independent_z_only,108,4,,54,108,54,108,0.07407407407407407,0.07407407407407407,8.0,8.0,bbcode_n108_k4.npz,wilson_95
bb_n108_k4,0.05,BP-LSD,4,503011,1000,100,0.1,0.08290944359309571,0.1201519631953484,0.16569841101954808,0.045650000174646266,0.8772950001002754,1.4473810000708902,8.114,30.0,0.865,15.272,24.0,0.2828148148148148,0.4444444444444444,independent_z_only,108,4,,54,108,54,108,0.07407407407407407,0.07407407407407407,8.0,8.0,bbcode_n108_k4.npz,wilson_95
